model,ensemble_type,horizon_minutes,forecast_origins,mae_mw,rmse_mw,bias_mw,mape_percent,nll,coverage_95,mean_interval_width_95_mw,pit_mean,pit_variance
TCN1,equal_weight_arithmetic_mean,5,105402,33.200663222493645,42.20959538509565,-1.175103308051826,0.5518867820596611,,,,,
TCN1,equal_weight_arithmetic_mean,10,105402,37.728436836491596,48.501965370681546,-1.3766323988335807,0.6251163954967413,,,,,
TCN1,equal_weight_arithmetic_mean,15,105402,42.12835354303181,54.695085006408625,-0.537324693552355,0.6973406797201,,,,,
TCN1,equal_weight_arithmetic_mean,20,105402,46.811125080379966,61.21608622637655,-1.230296001349546,0.7735832516781329,,,,,
TCN1,equal_weight_arithmetic_mean,25,105402,51.17483570689502,67.33176438895356,-0.9642270018771557,0.8450183430155926,,,,,
TCN1,equal_weight_arithmetic_mean,30,105402,55.2004119726744,72.88887826791822,-0.49291443775391786,0.9113666858712091,,,,,
TCN2,equal_weight_arithmetic_mean,5,105402,33.423783079112255,42.49898911216677,1.2288234863805405,0.5556364764217767,,,,,
TCN2,equal_weight_arithmetic_mean,10,105402,37.813449650029,48.63998370323372,-0.6177963600140418,0.6260593394613403,,,,,
TCN2,equal_weight_arithmetic_mean,15,105402,42.2349438512011,54.91808425033787,1.2580685108156604,0.6980652996238164,,,,,
TCN2,equal_weight_arithmetic_mean,20,105402,46.55914812562526,61.06051508158741,0.8832463613711098,0.7681394641116229,,,,,
TCN2,equal_weight_arithmetic_mean,25,105402,50.69576497845266,66.94652215760766,2.0108814271832514,0.8350688923748542,,,,,
TCN2,equal_weight_arithmetic_mean,30,105402,55.05559882703706,72.96101695311027,4.86735672967783,0.9073164133578075,,,,,
TCN3,equal_weight_arithmetic_mean,5,105402,33.33779122098336,42.39457161320099,3.066404051417707,0.554848304651622,,,,,
TCN3,equal_weight_arithmetic_mean,10,105402,37.55582601141958,48.32409972007108,2.5448069139275193,0.623278402497197,,,,,
TCN3,equal_weight_arithmetic_mean,15,105402,41.68446431819662,54.26043863336856,4.0555390212858,0.6914969209310401,,,,,
TCN3,equal_weight_arithmetic_mean,20,105402,45.84948615703716,60.217433285399366,5.681982554670063,0.76049605381326,,,,,
TCN3,equal_weight_arithmetic_mean,25,105402,50.155239926238025,66.23477316664392,8.78085774569624,0.8325213540723251,,,,,
TCN3,equal_weight_arithmetic_mean,30,105402,54.36010260347617,72.12773778149423,12.473549778304056,0.9033079089566449,,,,,
TCN_star,equal_weight_arithmetic_mean,5,105402,31.071493619530308,39.57930497593143,1.3351065010636154,0.5190568092623441,,,,,
TCN_star,equal_weight_arithmetic_mean,10,105402,34.32411964130952,44.3675277749729,0.9247473547455588,0.572222871726377,,,,,
TCN_star,equal_weight_arithmetic_mean,15,105402,37.7577543743319,49.57187025021326,0.6964738989095418,0.6280116815414595,,,,,
TCN_star,equal_weight_arithmetic_mean,20,105402,41.131571362537876,54.74054617133429,0.8090479030250733,0.6831593721400362,,,,,
TCN_star,equal_weight_arithmetic_mean,25,105402,44.27765689674981,59.61162727650011,0.5689531921929941,0.7345122286635951,,,,,
TCN_star,equal_weight_arithmetic_mean,30,105402,47.485252476082415,64.41569417347819,1.3626512598630696,0.7875515927371071,,,,,
TCN_starNLL,equal_weight_student_t_mixture,5,105402,31.32274090151707,39.89574102295026,0.8228614605529571,0.5222711337435361,5.088123329400578,0.9544126297413711,158.07674663550196,0.49293024456992146,0.08363308735972382
TCN_starNLL,equal_weight_student_t_mixture,10,105402,34.47215612922817,44.555132556357734,2.050094008702716,0.5741965526560141,5.179847563683539,0.9477049771351588,168.59037213922204,0.48389400181232584,0.08610822910175008
TCN_starNLL,equal_weight_student_t_mixture,15,105402,37.854178742444624,49.690939202719505,3.110302855594695,0.6295475282272209,5.2682883265634,0.9450674560255024,182.6183590135112,0.4773321644424073,0.08715749937929773
TCN_starNLL,equal_weight_student_t_mixture,20,105402,41.11413955531668,54.70426634876435,3.3072764857137646,0.683045433610972,5.344768370830177,0.9424963473178877,197.05251502559793,0.47559302363653805,0.0874858678067207
TCN_starNLL,equal_weight_student_t_mixture,25,105402,44.09520028385203,59.40440932696733,1.6254639582895525,0.7313712089141486,5.4086255724934995,0.9400960133583803,209.67554990729042,0.4853387608366265,0.08845200857959072
TCN_starNLL,equal_weight_student_t_mixture,30,105402,46.98994541742606,63.91346270910426,3.016297400856146,0.7796117769914358,5.466124413301066,0.9432648336843703,226.27117007031927,0.4787474440998565,0.08691773771005545
