model,validation_year,seed,horizon_minutes,mae_mw,rmse_mw,bias_mw,mean_scale_mw,mean_df
TCN1,2017,42,5,35.486772280707505,45.717659758229686,8.002279218957451,,
TCN1,2017,42,10,41.370100805845965,53.29405541073427,12.134632831707643,,
TCN1,2017,42,15,47.722391653151746,61.305809527105126,14.725246642931658,,
TCN1,2017,42,20,53.842998328974915,69.2733129603584,19.366051774573943,,
TCN1,2017,42,25,60.88450243836027,78.0664362048775,24.922544503470288,,
TCN1,2017,42,30,67.71963694646159,86.98126630966145,29.601267002974915,,
TCN1,2018,42,5,37.52283918579305,47.85265025568098,-3.3557465660857804,,
TCN1,2018,42,10,45.75553754170693,58.88090524704249,0.8343775409574071,,
TCN1,2018,42,15,55.61010618058216,72.36075606774881,3.3969803216309815,,
TCN1,2018,42,20,63.93110499020612,83.99387905597825,-4.4804150538889935,,
TCN1,2018,42,25,74.77790266661962,99.95864147208009,9.139047382070345,,
TCN1,2018,42,30,83.36905174627378,111.53557718042194,-1.3533334751464126,,
TCN1,2019,42,5,32.95190491114697,41.82220871988674,1.8264724196447846,,
TCN1,2019,42,10,37.223937985227884,47.606104414587726,3.1805062828271975,,
TCN1,2019,42,15,41.311994303330245,53.233037822846086,4.593551000452344,,
TCN1,2019,42,20,45.51513675409171,58.888196662498544,6.390959952269712,,
TCN1,2019,42,25,50.15716485445244,65.05151606251117,10.936689175560998,,
TCN1,2019,42,30,54.732560260945085,71.15890905170596,12.13797237514163,,
TCN2,2017,42,5,35.53544865126461,45.44053922573165,6.924270621483684,,
TCN2,2017,42,10,41.20737154595135,52.96971653389147,7.037506006108084,,
TCN2,2017,42,15,46.989380578087285,60.43159924380052,5.0995051693802305,,
TCN2,2017,42,20,51.8018569513707,66.89490456611232,9.165486925426237,,
TCN2,2017,42,25,56.59732104013055,73.13577054306494,6.0711439045700955,,
TCN2,2017,42,30,63.502274597472876,82.17893967620131,16.050815238561253,,
TCN2,2018,42,5,38.344663209733156,48.667152684597575,7.731852651066953,,
TCN2,2018,42,10,45.86691308393634,58.68462397231424,1.5257935083458676,,
TCN2,2018,42,15,56.44502173139638,72.63507451540954,2.8795438028702036,,
TCN2,2018,42,20,69.46007139325567,89.72882189724628,11.658429488619516,,
TCN2,2018,42,25,78.67909657888951,101.11506119685026,2.2147613843020086,,
TCN2,2018,42,30,88.0014926621054,113.61707353800148,-10.383394795822587,,
TCN2,2019,42,5,32.851239570190444,41.657396031013214,2.9129612819700164,,
TCN2,2019,42,10,37.12396309863674,47.44499116704775,6.080160542284804,,
TCN2,2019,42,15,41.26289559200628,53.001882471770436,8.930672842148162,,
TCN2,2019,42,20,45.18397933772798,58.39927041359462,10.558676515527056,,
TCN2,2019,42,25,49.70301584969557,64.43952568767202,16.217020801320803,,
TCN2,2019,42,30,54.373831660535096,70.60669502770679,19.98278437696399,,
TCN3,2017,42,5,36.32360807193687,46.547417173452345,2.938314360900264,,
TCN3,2017,42,10,41.52927663874935,53.4109578745691,2.748508867406511,,
TCN3,2017,42,15,46.04534873315086,59.540041490302094,2.99234339372969,,
TCN3,2017,42,20,51.641605915083986,66.90417933856695,9.075319917297088,,
TCN3,2017,42,25,57.313919030986575,74.49968696000083,3.651123428468149,,
TCN3,2017,42,30,62.30871406121074,80.5279774980731,15.14785444413335,,
TCN3,2018,42,5,36.03589133171689,45.919007173199226,-2.506822954051649,,
TCN3,2018,42,10,43.4498455996387,55.86538043088826,0.35721141363130865,,
TCN3,2018,42,15,51.451325973066986,66.76434670752954,-0.4627466686134163,,
TCN3,2018,42,20,60.01419990836191,78.90341107944997,-1.622039328572015,,
TCN3,2018,42,25,69.70786428865367,92.44472018098762,-4.533661284540086,,
TCN3,2018,42,30,80.52247414158981,107.01676329074535,-0.23708972318133656,,
TCN3,2019,42,5,33.72535370100946,42.743956044693284,6.62982980879689,,
TCN3,2019,42,10,37.75056938262091,48.21920078103851,6.101450686829122,,
TCN3,2019,42,15,42.85309300407107,54.931566554637186,12.242156880212885,,
TCN3,2019,42,20,47.10059343868648,60.58397172224302,11.449654660576222,,
TCN3,2019,42,25,53.233671921111856,68.44912406791268,20.808217335023567,,
TCN3,2019,42,30,58.14654975621684,74.73166224595413,22.357947624845114,,
TCN_star,2017,42,5,31.61172601560705,40.41599535504106,4.852092614861194,,
TCN_star,2017,42,10,34.71742497559017,44.69066721056747,7.5983309022671826,,
TCN_star,2017,42,15,38.07273098706679,49.069090321338955,9.476806973594654,,
TCN_star,2017,42,20,41.66512331997513,53.72532371452804,12.145647233846162,,
TCN_star,2017,42,25,44.88679235102175,57.950569389682386,14.117985718807843,,
TCN_star,2017,42,30,47.73850607796594,61.74023900366275,15.439391790805722,,
TCN_star,2018,42,5,36.34098294939506,46.444521508450904,-4.503480413739303,,
TCN_star,2018,42,10,42.445571354746285,54.92708479584953,-6.175193067723573,,
TCN_star,2018,42,15,50.744444315892125,66.87531530380033,-8.158482811619626,,
TCN_star,2018,42,20,57.65597585903578,76.95818167023262,-6.675259578335457,,
TCN_star,2018,42,25,65.30382168175835,88.21903182792032,-2.8720334262076905,,
TCN_star,2018,42,30,75.15374580417051,102.63673866067057,-11.386415960894434,,
TCN_star,2019,42,5,31.277179842517775,39.75848259180328,1.7444846767246591,,
TCN_star,2019,42,10,34.09023659592937,43.81739680957795,2.990165802985945,,
TCN_star,2019,42,15,36.86652098763798,47.78570948960041,1.84239038192063,,
TCN_star,2019,42,20,39.78986645230352,51.98243263668081,4.3843992485052015,,
TCN_star,2019,42,25,42.39721029516871,55.8534773122787,4.344453805304667,,
TCN_star,2019,42,30,44.96510318885841,59.67764489231267,3.654027432519398,,
TCN_starNLL,2017,42,5,33.88021622475004,43.557584125540416,6.501154750611541,39.406919072715205,15.9229097366333
TCN_starNLL,2017,42,10,37.10606707534275,48.132437447786636,6.656321134702641,42.66338310906889,14.265876770019531
TCN_starNLL,2017,42,15,41.095497735993725,53.44630389313883,10.033490889600795,46.04585843200346,13.843507766723633
TCN_starNLL,2017,42,20,43.01080999575549,56.134741165034065,7.84184527114189,48.36910133317497,13.388228416442871
TCN_starNLL,2017,42,25,46.59031700065707,60.702029200754716,10.118900957861126,52.50110468972972,12.88856029510498
TCN_starNLL,2017,42,30,48.537365225988665,63.32936628997836,9.741981472221733,54.31297956884564,13.073277473449707
TCN_starNLL,2018,42,5,37.62532217110654,48.20542808653344,-3.342315797950101,45.998770867337754,13.150550842285156
TCN_starNLL,2018,42,10,44.03934284454124,57.3230003318714,-0.3244437747345678,54.0556256669295,11.421517372131348
TCN_starNLL,2018,42,15,51.62262458217664,68.27906926529619,-3.221246249816816,62.44163653732122,9.944199562072754
TCN_starNLL,2018,42,20,58.7718661004211,78.51016204512803,2.2822807404256555,72.05537514734993,9.300263404846191
TCN_starNLL,2018,42,25,66.7495321614083,90.43053581783994,6.984671492171341,82.03724778426843,8.585366249084473
TCN_starNLL,2018,42,30,76.74147233866357,105.41065382447692,17.213563754137223,86.66303625928803,8.233433723449707
TCN_starNLL,2019,42,5,31.303459163728228,39.76903731880674,-0.8328037098376031,37.82921064101355,18.29256820678711
TCN_starNLL,2019,42,10,34.038983724202446,43.67330824200202,1.1808727593663606,39.70042665049848,16.835357666015625
TCN_starNLL,2019,42,15,37.01579471927949,47.946852256178325,1.4098643751192488,43.97265112858196,15.787761688232422
TCN_starNLL,2019,42,20,39.92389582822531,52.145066326575574,2.4415576348474635,46.13684850666939,15.489978790283203
TCN_starNLL,2019,42,25,42.69319324750565,56.1227960484233,3.6367796575088165,49.77136847254336,14.9839448928833
TCN_starNLL,2019,42,30,45.154588349429886,59.68127056147598,0.5252218019955215,51.327252204747424,14.651129722595215
