model,validation_year,seed,epoch,training_loss,training_mae_mw,validation_loss,validation_mae_mw,learning_rate_used,learning_rate_next,best_epoch,epochs_no_improve,training_nll,validation_nll
TCN1,2017,42,1,0.5381540512194766,51.63728002686256,0.5656578784723211,54.43982974058109,0.001,0.001,1,0,,
TCN1,2017,42,2,0.4338175745315024,45.803994094987615,0.5146687219233506,51.46301522828252,0.001,0.001,2,0,,
TCN1,2017,42,3,0.403524529686326,44.07928790339805,0.5373540272040325,52.98474147832994,0.001,0.001,2,1,,
TCN1,2017,42,4,0.390471716753538,43.30823207863147,0.5765789605816479,56.0019435113561,0.001,0.0005,2,2,,
TCN1,2017,42,5,0.3739186915786962,42.2155465964764,0.5148808239398034,52.3617296841445,0.0005,0.0005,2,3,,
TCN1,2017,42,6,0.3688199676284784,41.903215348632784,0.569333665136002,55.43886427486755,0.0005,0.00025,2,4,,
TCN1,2017,42,7,0.361705452290802,41.41041114912773,0.4996777336435539,51.17106861841992,0.00025,0.00025,7,0,,
TCN1,2017,42,8,0.3590704704647143,41.252350165251805,0.5765269507483028,56.20659856402325,0.00025,0.00025,7,1,,
TCN1,2017,42,9,0.3566965167166666,41.10102566357987,0.5443316385789869,54.47138421289665,0.00025,0.000125,7,2,,
TCN1,2017,42,10,0.3526453764115764,40.82885763345601,0.5429468596818787,54.19566818130754,0.000125,0.000125,7,3,,
TCN1,2017,42,11,0.3515470907970685,40.74720646261012,0.5465732324018365,54.38945556785209,0.000125,6.25e-05,7,4,,
TCN1,2018,42,1,0.5089132688983499,50.290567940420665,0.8109713826075259,66.7899602784081,0.001,0.001,1,0,,
TCN1,2018,42,2,0.4131703950836265,44.89286560259684,0.7048505195678682,62.03731483343197,0.001,0.001,2,0,,
TCN1,2018,42,3,0.3880098812374002,43.38274561608241,0.6837002844038575,60.53977307611548,0.001,0.001,3,0,,
TCN1,2018,42,4,0.3747171559565611,42.52556188738297,0.674104103529306,60.16109202891009,0.001,0.001,4,0,,
TCN1,2018,42,5,0.3654468269403687,41.91157268901208,0.6808313541999633,60.13417238771529,0.001,0.001,4,1,,
TCN1,2018,42,6,0.3580131348925673,41.385408256893164,0.7906436905354731,65.94853188906852,0.001,0.0005,4,2,,
TCN1,2018,42,7,0.3463559481198028,40.585845256987305,0.8195324949694067,66.00464897780694,0.0005,0.0005,4,3,,
TCN1,2018,42,8,0.3418968675887584,40.2911682845592,1.1090864130021556,78.40070464505492,0.0005,0.00025,4,4,,
TCN1,2019,42,1,0.4794135073967745,49.20856863624943,0.4236626158369493,46.94730797875841,0.001,0.001,1,0,,
TCN1,2019,42,2,0.3917504287999502,44.1345540104648,0.3891906659858563,44.6323722966229,0.001,0.001,2,0,,
TCN1,2019,42,3,0.3714112386794296,42.81017453475437,0.3898824249454894,44.80654026290394,0.001,0.001,2,1,,
TCN1,2019,42,4,0.360390235187038,42.08117156349161,0.3852017918394624,44.44513539111893,0.001,0.001,4,0,,
TCN1,2019,42,5,0.3513635615102884,41.45370816353266,0.3794281930029069,43.8276146548087,0.001,0.001,5,0,,
TCN1,2019,42,6,0.3436622109215925,40.89055802293938,0.380160530640713,44.340903035477126,0.001,0.001,5,1,,
TCN1,2019,42,7,0.3383941729155222,40.52549481981273,0.3806955330607567,44.17038490022066,0.001,0.0005,5,2,,
TCN1,2019,42,8,0.3273952593504805,39.7103010619001,0.3788086610639976,44.358865155552586,0.0005,0.0005,8,0,,
TCN1,2019,42,9,0.3242877651351233,39.506006602829785,0.3764782033570497,43.91696709710301,0.0005,0.0005,9,0,,
TCN1,2019,42,10,0.3218451135511264,39.31238403385176,0.3715534860795838,43.66542276666642,0.0005,0.0005,10,0,,
TCN1,2019,42,11,0.3191818018353953,39.12182014995667,0.3707971896722549,43.6487842797666,0.0005,0.0005,11,0,,
TCN1,2019,42,12,0.3173260628448001,38.977587380629146,0.379422296058538,44.44111030956476,0.0005,0.0005,11,1,,
TCN1,2019,42,13,0.3157938698310874,38.8721299729703,0.3768534549305758,44.14562083501863,0.0005,0.00025,11,2,,
TCN1,2019,42,14,0.3098690153153018,38.422430800306586,0.3756723798680873,44.08051958941845,0.00025,0.00025,11,3,,
TCN1,2019,42,15,0.3086130943041048,38.33832138348164,0.3742854190771625,43.99962247249745,0.00025,0.000125,11,4,,
TCN2,2017,42,1,0.5162692772838292,50.58568600854505,0.5365070274565856,53.19796520550846,0.001,0.001,1,0,,
TCN2,2017,42,2,0.424331125984573,45.23680358307597,0.4752864405000482,49.27227722843853,0.001,0.001,2,0,,
TCN2,2017,42,3,0.4001270811135451,43.81652763818148,0.5230068980117597,51.81524168869144,0.001,0.001,2,1,,
TCN2,2017,42,4,0.3865357588280657,42.98841308432594,0.5399190517215103,53.30523034034124,0.001,0.0005,2,2,,
TCN2,2017,42,5,0.3684772615078976,41.85468241075586,0.5429090055099376,53.38626282962306,0.0005,0.0005,2,3,,
TCN2,2017,42,6,0.3594526880534218,41.27412923936999,0.5083367788603623,51.70029759838453,0.0005,0.00025,2,4,,
TCN2,2017,42,7,0.3496234832642981,40.59949125746864,0.5215765559891282,52.53419524198853,0.00025,0.00025,2,5,,
TCN2,2017,42,8,0.3448912030539841,40.27760504442169,0.5293004022460778,52.93896455676039,0.00025,0.000125,2,6,,
TCN2,2018,42,1,0.4956296266561352,49.55224791104461,0.7007985311873502,62.10162673472024,0.001,0.001,1,0,,
TCN2,2018,42,2,0.4019328450583439,44.16061383006069,0.7357926225726648,63.59072803713827,0.001,0.001,1,1,,
TCN2,2018,42,3,0.3790826440991748,42.726906936596905,0.6994708776326567,62.79954473559101,0.001,0.001,3,0,,
TCN2,2018,42,4,0.3643492533222655,41.76019050966778,0.8343419273673942,67.23235891322457,0.001,0.001,3,1,,
TCN2,2018,42,5,0.3511770091034837,40.88805042187575,0.7241831116077346,62.79683985865198,0.001,0.0005,3,2,,
TCN2,2018,42,6,0.3356903210170524,39.78865718632641,0.7322875048924743,63.696993354893024,0.0005,0.0005,3,3,,
TCN2,2018,42,7,0.3304236736804355,39.429354791639135,0.754563199402519,64.46271496688988,0.0005,0.00025,3,4,,
TCN2,2018,42,8,0.3225101663169598,38.85239120220516,0.7071593636589276,61.90867170485596,0.00025,0.00025,3,5,,
TCN2,2019,42,1,0.4640545332754746,48.34407088219481,0.4018713521715155,45.419050922209074,0.001,0.001,1,0,,
TCN2,2019,42,2,0.3830585110519138,43.50713851865341,0.382393430704182,44.03987727671573,0.001,0.001,2,0,,
TCN2,2019,42,3,0.3630656516694487,42.16366896970153,0.3852705656739315,44.30200848660245,0.001,0.001,2,1,,
TCN2,2019,42,4,0.3458264702282553,40.98983176813203,0.3794360251078937,44.21615457091132,0.001,0.001,4,0,,
TCN2,2019,42,5,0.3333337122138903,40.11516510724252,0.3667394344723247,43.41648885054565,0.001,0.001,5,0,,
TCN2,2019,42,6,0.3243931673770941,39.48634677557752,0.408553664140996,46.34980068311668,0.001,0.001,5,1,,
TCN2,2019,42,7,0.318971494796927,39.08257534907326,0.4037478929494168,46.52197535572335,0.001,0.0005,5,2,,
TCN2,2019,42,8,0.3079662919156947,38.28190856791367,0.3674875203072305,43.39353073235958,0.0005,0.0005,5,3,,
TCN2,2019,42,9,0.3051041628481771,38.05914711331072,0.3778840270509576,44.399725414074126,0.0005,0.00025,5,4,,
TCN3,2017,42,1,0.5291757764585084,51.45864287831242,0.4804312208722365,49.193746600777175,0.001,0.001,1,0,,
TCN3,2017,42,2,0.4319386929327208,45.76877667354055,0.5181020835170096,51.6198833176772,0.001,0.001,1,1,,
TCN3,2017,42,3,0.4089196999393,44.36621784979885,0.5425550400613117,53.0018046114328,0.001,0.0005,1,2,,
TCN3,2017,42,4,0.3941124722820479,43.406582044026095,0.5332984918986159,52.284288034715445,0.0005,0.0005,1,3,,
TCN3,2017,42,5,0.388880220535192,43.07750277225498,0.5187931993062687,51.67813664472323,0.0005,0.00025,1,4,,
TCN3,2017,42,6,0.3811732289954552,42.5845740762634,0.5438874836102476,53.06748293906715,0.00025,0.00025,1,5,,
TCN3,2017,42,7,0.3783006117681336,42.400922052363725,0.5661044971042475,54.29579476558774,0.00025,0.000125,1,6,,
TCN3,2017,42,8,0.3745149566687734,42.15207342424919,0.5504920297142877,53.62887822822986,0.000125,0.000125,1,7,,
TCN3,2018,42,1,0.5005766883211327,50.105071248444176,0.7760659444254324,65.9760509945113,0.001,0.001,1,0,,
TCN3,2018,42,2,0.4109813510155812,44.79341895920579,0.7221114448421198,63.38529856514322,0.001,0.001,2,0,,
TCN3,2018,42,3,0.391692534256672,43.54027471712559,0.6913045995785297,62.14820700509954,0.001,0.001,3,0,,
TCN3,2018,42,4,0.37837933716596,42.68299449337003,0.6439913387138178,59.51988851475857,0.001,0.001,4,0,,
TCN3,2018,42,5,0.364824503315912,41.783459061612895,0.6549881615204964,59.96642260657876,0.001,0.001,4,1,,
TCN3,2018,42,6,0.3534342172924982,40.98667918226721,0.6134291553246907,57.7619665044876,0.001,0.001,6,0,,
TCN3,2018,42,7,0.3454186003540982,40.42663919862704,0.6232771396212812,58.29193332008065,0.001,0.001,6,1,,
TCN3,2018,42,8,0.3384946463061597,39.93569541474746,0.6469876232647035,59.07488269734415,0.001,0.0005,6,2,,
TCN3,2018,42,9,0.3288157272404931,39.2472990967465,0.599495715211692,56.86360152547036,0.0005,0.0005,9,0,,
TCN3,2018,42,10,0.3257606524494579,39.03322474066501,0.6002908790948731,56.96004588526356,0.0005,0.0005,9,1,,
TCN3,2018,42,11,0.3230250798934606,38.839488974068,0.6292790038721708,58.09086106183116,0.0005,0.00025,9,2,,
TCN3,2018,42,12,0.3181305501359295,38.478847408091845,0.6342627992821803,58.32063071500979,0.00025,0.00025,9,3,,
TCN3,2018,42,13,0.3163572343441717,38.36152864808505,0.6542662237846255,59.29296637133952,0.00025,0.000125,9,4,,
TCN3,2019,42,1,0.4685976856986132,48.83905467466008,0.4171277454793187,46.38206572174915,0.001,0.001,1,0,,
TCN3,2019,42,2,0.3923292522492106,44.143446927096434,0.3934524086003598,44.87819880072125,0.001,0.001,2,0,,
TCN3,2019,42,3,0.3752935641263433,43.00178863346796,0.394981936710457,44.94734591008966,0.001,0.001,2,1,,
TCN3,2019,42,4,0.3614247556226329,42.05448517271436,0.4010925871686222,45.91356525921597,0.001,0.0005,2,2,,
TCN3,2019,42,5,0.3463590228042837,40.98316131346079,0.3926664501259057,45.46830634091668,0.0005,0.0005,5,0,,
TCN3,2019,42,6,0.3404349339451936,40.54874189044736,0.3932693292526589,45.33033163728018,0.0005,0.0005,5,1,,
TCN3,2019,42,7,0.3355567935377366,40.20708955554414,0.4038398190699141,46.23119996149595,0.0005,0.00025,5,2,,
TCN3,2019,42,8,0.3291332102538351,39.73547827845972,0.4023001269332522,46.25813020439474,0.00025,0.00025,5,3,,
TCN3,2019,42,9,0.3268020684367726,39.566313297572464,0.4049211363004495,46.28038063661184,0.00025,0.000125,5,4,,
TCN_star,2017,42,1,0.4960290576148228,49.08356303076474,0.4781912482669188,49.02529647513303,0.0005,0.0005,1,0,,
TCN_star,2017,42,2,0.3758529437743064,42.08941885257472,0.3853502673623015,42.92028467443378,0.0005,0.0005,2,0,,
TCN_star,2017,42,3,0.3339361947729983,39.48303312490105,0.3772966965483229,42.82032936212758,0.0005,0.0005,3,0,,
TCN_star,2017,42,4,0.3170805288786004,38.34880901222615,0.3475520396425628,40.51405695343584,0.0005,0.0005,4,0,,
TCN_star,2017,42,5,0.3072288961377419,37.65299940307552,0.3414631567480475,40.61280686618925,0.0005,0.0005,5,0,,
TCN_star,2017,42,6,0.3014526895046777,37.24707874583812,0.3377828826406565,40.33645776876075,0.0005,0.0005,6,0,,
TCN_star,2017,42,7,0.296013890611013,36.86552160249683,0.3418480133429431,40.830864506728446,0.0005,0.0005,6,1,,
TCN_star,2017,42,8,0.2924386254799806,36.61193195476366,0.3335325774279219,40.30032706520616,0.0005,0.0005,8,0,,
TCN_star,2017,42,9,0.288348567153558,36.3358283099784,0.3293808974466143,39.82209461076502,0.0005,0.0005,9,0,,
TCN_star,2017,42,10,0.2858810045199431,36.14252399877748,0.3261780358851948,39.78205189709522,0.0005,0.0005,10,0,,
TCN_star,2017,42,11,0.2832269893041091,35.972417181284065,0.3326924667387522,40.19089716091447,0.0005,0.0005,10,1,,
TCN_star,2017,42,12,0.2804874112388595,35.78159399578798,0.3385573372077272,40.649846817647486,0.0005,0.0005,10,2,,
TCN_star,2017,42,13,0.277843276112152,35.60713740467241,0.3386188227137735,40.53103943432879,0.0005,0.00025,10,3,,
TCN_star,2017,42,14,0.2705755796273615,35.054910038639264,0.3319095009971019,40.16589289027098,0.00025,0.00025,10,4,,
TCN_star,2017,42,15,0.2675161202527775,34.851631383216244,0.3361991982886714,40.40823350271243,0.00025,0.00025,10,5,,
TCN_star,2018,42,1,0.4645041865645356,47.40750910619275,0.7804345567889583,65.24778094769731,0.0005,0.0005,1,0,,
TCN_star,2018,42,2,0.3418803764174199,40.08749402049332,0.7405254408851262,62.75280486124528,0.0005,0.0005,2,0,,
TCN_star,2018,42,3,0.3116956362922873,38.06808948674918,0.6400900425621437,58.37691770638837,0.0005,0.0005,3,0,,
TCN_star,2018,42,4,0.2998308820956509,37.24774504915356,0.592194981436834,56.3060794321304,0.0005,0.0005,4,0,,
TCN_star,2018,42,5,0.2929423839271383,36.76941564469668,0.6115286360468443,56.72010547573995,0.0005,0.0005,4,1,,
TCN_star,2018,42,6,0.2880543021309611,36.426521367866926,0.5980712085866464,56.13254210236596,0.0005,0.0005,4,2,,
TCN_star,2018,42,7,0.2838278597475267,36.12388273981173,0.57941994810607,54.607425359085816,0.0005,0.0005,7,0,,
TCN_star,2018,42,8,0.2810561036904346,35.92459220537436,0.6402952523732051,57.77865984291193,0.0005,0.0005,7,1,,
TCN_star,2018,42,9,0.2783381670298352,35.733408627540875,0.6543975527000239,58.72718041998807,0.0005,0.0005,7,2,,
TCN_star,2018,42,10,0.2758388081501224,35.56809550336961,0.6581052911073593,58.935680667030816,0.0005,0.00025,7,3,,
TCN_star,2018,42,11,0.2685178245987335,35.01984830110838,0.6285559878351209,57.65428181305359,0.00025,0.00025,7,4,,
TCN_star,2018,42,12,0.2659469227102926,34.833485383697564,0.6565351664826059,59.025847711045415,0.00025,0.00025,7,5,,
TCN_star,2019,42,1,0.4334620235393052,46.16459292882942,0.3578487167054325,41.96336929638037,0.0005,0.0005,1,0,,
TCN_star,2019,42,2,0.3224415866253858,39.25067803491464,0.3184250901154664,39.245628372321,0.0005,0.0005,2,0,,
TCN_star,2019,42,3,0.3012987400897073,37.77134231149504,0.3172409104337376,39.30362749312941,0.0005,0.0005,3,0,,
TCN_star,2019,42,4,0.291806708140361,37.08483426888485,0.3162352246066593,39.10181647506364,0.0005,0.0005,4,0,,
TCN_star,2019,42,5,0.2863132970456732,36.69786895686685,0.312608539439487,38.87775136845763,0.0005,0.0005,5,0,,
TCN_star,2019,42,6,0.2820335941533813,36.383936900509205,0.3088328495653152,38.61607720607523,0.0005,0.0005,6,0,,
TCN_star,2019,42,7,0.2786774971934874,36.14831534357792,0.310347024327188,38.779362751599855,0.0005,0.0005,6,1,,
TCN_star,2019,42,8,0.275627675418776,35.93187634845687,0.3069412642419888,38.56413148578463,0.0005,0.0005,8,0,,
TCN_star,2019,42,9,0.2735829309690862,35.79628778309278,0.3093127232479931,38.66840556154313,0.0005,0.0005,8,1,,
TCN_star,2019,42,10,0.270865916373109,35.594340923942426,0.3131031979379433,39.05622491350792,0.0005,0.0005,8,2,,
TCN_star,2019,42,11,0.2687121753651828,35.44755116216945,0.3063318584922568,38.48874303980079,0.0005,0.0005,11,0,,
TCN_star,2019,42,12,0.2668762905107512,35.32331652361755,0.3039578996598862,38.23102077604109,0.0005,0.0005,12,0,,
TCN_star,2019,42,13,0.2648383193921281,35.17224331874789,0.3137635442727568,38.95819237418336,0.0005,0.0005,12,1,,
TCN_star,2019,42,14,0.2632441244889696,35.054621601937235,0.3101772982724615,38.701336516599454,0.0005,0.0005,12,2,,
TCN_star,2019,42,15,0.2616291973032919,34.95097928769081,0.307890601389679,38.56544493612757,0.0005,0.00025,12,3,,
TCN_star,2019,42,16,0.2549238667591397,34.43609100313304,0.3123529461557345,38.93999846216537,0.00025,0.00025,12,4,,
TCN_star,2019,42,17,0.2525490670092977,34.252583866254874,0.308755500477616,38.7201815757459,0.00025,0.00025,12,5,,
TCN_starNLL,2017,42,1,,48.88006706141876,,47.46442058033456,0.0005,0.0005,1,0,0.9986280080562042,0.9676609874726576
TCN_starNLL,2017,42,2,,41.75306813479767,,45.551300536870144,0.0005,0.0005,2,0,0.843228803790023,0.943655549934389
TCN_starNLL,2017,42,3,,39.08512923346817,,41.70338017339405,0.0005,0.0005,3,0,0.781863420902108,0.8461200929970484
TCN_starNLL,2017,42,4,,37.93751144915358,,42.55553206702125,0.0005,0.0005,3,1,0.7533412004924043,0.8748026953636835
TCN_starNLL,2017,42,5,,37.296878263091024,,43.72314087688659,0.0005,0.0005,3,2,0.7359994184789693,0.9077642765106316
TCN_starNLL,2017,42,6,,36.82530273141936,,41.47410949934068,0.0005,0.00025,3,3,0.7237030678518434,0.8474943649994061
TCN_starNLL,2017,42,7,,36.15551440085508,,41.85247237806141,0.00025,0.00025,3,4,0.704626227238885,0.8710193120401458
TCN_starNLL,2017,42,8,,35.874877896923444,,42.330446441979625,0.00025,0.00025,3,5,0.696942733314239,0.8707043685617677
TCN_starNLL,2018,42,1,,47.26506762736188,,70.1524811617,0.0005,0.0005,1,0,0.9564686715449636,1.4491303033983154
TCN_starNLL,2018,42,2,,39.75365626428869,,61.353264960115474,0.0005,0.0005,2,0,0.7907139394821479,1.2929603858841203
TCN_starNLL,2018,42,3,,37.72640471524664,,62.44414740013229,0.0005,0.0005,3,0,0.7409665551131882,1.2591933675567806
TCN_starNLL,2018,42,4,,36.93991480096573,,59.93315687429429,0.0005,0.0005,4,0,0.7195026204549869,1.1897535790935654
TCN_starNLL,2018,42,5,,36.41723825092754,,57.56080051633116,0.0005,0.0005,5,0,0.7051371056688285,1.1544634417238957
TCN_starNLL,2018,42,6,,36.08783222059005,,56.6355744750972,0.0005,0.0005,5,1,0.6954847845731994,1.1574184737625666
TCN_starNLL,2018,42,7,,35.788502485316016,,55.925028438652674,0.0005,0.0005,7,0,0.6865989446638492,1.1188839192368396
TCN_starNLL,2018,42,8,,35.5793388270796,,59.31626581757831,0.0005,0.0005,7,1,0.6805944143394255,1.190972208445989
TCN_starNLL,2018,42,9,,35.34528847054674,,58.63539041459321,0.0005,0.0005,7,2,0.6735839298382187,1.166472955182106
TCN_starNLL,2018,42,10,,35.1794319376996,,57.87780454710997,0.0005,0.00025,7,3,0.6687538197508143,1.1850567331397013
TCN_starNLL,2018,42,11,,34.60306118257239,,58.96013311892768,0.00025,0.00025,7,4,0.6517772322060124,1.1794563699381482
TCN_starNLL,2018,42,12,,34.417053923058845,,60.13989005952624,0.00025,0.00025,7,5,0.6463305583598923,1.215871519759077
TCN_starNLL,2019,42,1,,45.8850497612037,,41.55050803951938,0.0005,0.0005,1,0,0.914447746168295,0.8260339068720475
TCN_starNLL,2019,42,2,,39.0109756904771,,39.62830213120732,0.0005,0.0005,2,0,0.7608004909410386,0.7757833085675344
TCN_starNLL,2019,42,3,,37.52661576733334,,38.83369456600997,0.0005,0.0005,3,0,0.7231587579596864,0.7533915325539101
TCN_starNLL,2019,42,4,,36.84271480736489,,39.30425812362171,0.0005,0.0005,3,1,0.7047073683292108,0.7669273658557432
TCN_starNLL,2019,42,5,,36.39685142364754,,38.61117025516502,0.0005,0.0005,5,0,0.6919714166720913,0.7502889245953224
TCN_starNLL,2019,42,6,,36.08862165912531,,38.663131094596736,0.0005,0.0005,6,0,0.6828423252832038,0.7467396672368039
TCN_starNLL,2019,42,7,,35.814157291738795,,38.63473496886265,0.0005,0.0005,7,0,0.6750984568092372,0.7461528735683691
TCN_starNLL,2019,42,8,,35.5859555212548,,38.33113065177743,0.0005,0.0005,8,0,0.6685235798378156,0.7400178334428869
TCN_starNLL,2019,42,9,,35.38008117046445,,39.12452633395361,0.0005,0.0005,8,1,0.6625698198854388,0.7571691690470314
TCN_starNLL,2019,42,10,,35.21963726379174,,38.495078475257976,0.0005,0.0005,8,2,0.6576855267730624,0.7437657632178512
TCN_starNLL,2019,42,11,,35.06095272865026,,38.35498707023688,0.0005,0.0005,11,0,0.6529204115997278,0.7384298582346669
TCN_starNLL,2019,42,12,,34.898067449365094,,38.557743445291415,0.0005,0.0005,11,1,0.648242579204189,0.7450723862517362
TCN_starNLL,2019,42,13,,34.77347032538966,,38.85372119549872,0.0005,0.0005,11,2,0.6446337420100697,0.7541855316180527
TCN_starNLL,2019,42,14,,34.64412692662123,,38.45916407854587,0.0005,0.00025,11,3,0.6407242743538478,0.7441138653281862
TCN_starNLL,2019,42,15,,34.1169774201512,,38.67561548620875,0.00025,0.00025,11,4,0.6249597311063506,0.7518763800408784
TCN_starNLL,2019,42,16,,33.935560915932726,,39.02466876933634,0.00025,0.00025,11,5,0.6195032207517124,0.7656570920198977
