model,validation_year,train_period,seed,objective,best_epoch,completed_epochs,best_validation_objective,mean_horizon_mae_mw,combined_horizon_rmse_mw,mean_horizon_bias_mw,mae_30m_mw,rmse_30m_mw
TCN1,2017,2015-2016,42,six_horizon_standardized_mse,7,11,0.49967773364355395,51.171067075583665,67.2652263763028,18.125336995769317,67.71963694646159,86.98126630966145
TCN1,2018,2015-2017,42,six_horizon_standardized_mse,4,8,0.674104103529306,60.16109038519695,82.13789508978583,0.6968183582562579,83.36905174627378,111.53557718042194
TCN1,2019,2015-2018,42,six_horizon_standardized_mse,11,15,0.37079718967225495,43.64878317819906,57.172698060659705,6.511025200982778,54.732560260945085,71.15890905170596
TCN2,2017,2015-2016,42,six_horizon_standardized_mse,2,8,0.4752864405000482,49.2722755607129,64.67838250156338,8.39145464425493,63.502274597472876,82.17893967620131
TCN2,2018,2015-2017,42,six_horizon_standardized_mse,3,8,0.6994708776326567,62.79954310988608,83.93706707042197,2.6044976732303273,88.0014926621054,113.61707353800148
TCN2,2019,2015-2018,42,six_horizon_standardized_mse,5,9,0.3667394344723247,43.416487518132016,56.779981822976374,10.780379393369138,54.373831660535096,70.60669502770679
TCN3,2017,2015-2016,42,six_horizon_standardized_mse,1,8,0.48043122087223655,49.19374540851973,64.64716639485022,6.092244068655842,62.30871406121074,80.5279774980731
TCN3,2018,2015-2017,42,six_horizon_standardized_mse,9,13,0.599495715211692,56.86360020717134,77.36422098994318,-1.5008580908878655,80.52247414158981,107.01676329074535
TCN3,2019,2015-2018,42,six_horizon_standardized_mse,5,9,0.3926664501259057,45.46830520061943,59.315730999188744,13.2648761660473,58.14654975621684,74.73166224595413
TCN_star,2017,2015-2016,42,six_horizon_standardized_mse,10,15,0.32617803588519484,39.78205062120447,51.792888917103824,10.60504253903046,47.73850607796594,61.74023900366275
TCN_star,2018,2015-2017,42,six_horizon_standardized_mse,7,12,0.57941994810607,54.607423660833014,75.15078780341678,-6.628477543086681,75.15374580417051,102.63673866067057
TCN_star,2019,2015-2018,42,six_horizon_standardized_mse,12,17,0.30395789965988623,38.231019560402636,50.278194019522495,3.1599868913267506,44.96510318885841,59.67764489231267
TCN_starNLL,2017,2015-2016,42,dynamic_student_t_nll,3,8,0.8461200929970484,41.703378876414625,54.645762596931625,8.482282412689953,48.537365225988665,63.32936628997836
TCN_starNLL,2018,2015-2017,42,dynamic_student_t_nll,7,12,1.1188839192368396,55.925026699719574,77.16287347352394,3.2654183607054557,76.74147233866357,105.41065382447692
TCN_starNLL,2019,2015-2018,42,dynamic_student_t_nll,11,16,0.7384298582346669,38.3549858387285,50.36295771310058,1.3935820864999677,45.154588349429886,59.68127056147598
