minute_of_day,mean_operational_demand_mw,year,season,season_dates,weekdays
0,6079.3778125,2017,Summer,Dec 2016–Feb 2017,64
5,6090.545,2017,Summer,Dec 2016–Feb 2017,64
10,6081.0471875,2017,Summer,Dec 2016–Feb 2017,64
15,6059.46234375,2017,Summer,Dec 2016–Feb 2017,64
20,6055.94,2017,Summer,Dec 2016–Feb 2017,64
25,6014.80375,2017,Summer,Dec 2016–Feb 2017,64
30,5985.36234375,2017,Summer,Dec 2016–Feb 2017,64
35,6000.25265625,2017,Summer,Dec 2016–Feb 2017,64
40,5994.97203125,2017,Summer,Dec 2016–Feb 2017,64
45,5970.2740625,2017,Summer,Dec 2016–Feb 2017,64
50,5937.77203125,2017,Summer,Dec 2016–Feb 2017,64
55,5905.7390625,2017,Summer,Dec 2016–Feb 2017,64
60,5870.92578125,2017,Summer,Dec 2016–Feb 2017,64
65,5873.62640625,2017,Summer,Dec 2016–Feb 2017,64
70,5844.4090625,2017,Summer,Dec 2016–Feb 2017,64
75,5839.454375,2017,Summer,Dec 2016–Feb 2017,64
80,5803.778125,2017,Summer,Dec 2016–Feb 2017,64
85,5784.3340625,2017,Summer,Dec 2016–Feb 2017,64
90,5799.59953125,2017,Summer,Dec 2016–Feb 2017,64
95,5784.83953125,2017,Summer,Dec 2016–Feb 2017,64
100,5758.00875,2017,Summer,Dec 2016–Feb 2017,64
105,5754.15015625,2017,Summer,Dec 2016–Feb 2017,64
110,5728.88265625,2017,Summer,Dec 2016–Feb 2017,64
115,5733.68140625,2017,Summer,Dec 2016–Feb 2017,64
120,5731.49421875,2017,Summer,Dec 2016–Feb 2017,64
125,5741.57078125,2017,Summer,Dec 2016–Feb 2017,64
130,5734.26796875,2017,Summer,Dec 2016–Feb 2017,64
135,5731.1696875,2017,Summer,Dec 2016–Feb 2017,64
140,5716.49578125,2017,Summer,Dec 2016–Feb 2017,64
145,5718.758125,2017,Summer,Dec 2016–Feb 2017,64
150,5691.91375,2017,Summer,Dec 2016–Feb 2017,64
155,5721.7895312499995,2017,Summer,Dec 2016–Feb 2017,64
160,5700.32765625,2017,Summer,Dec 2016–Feb 2017,64
165,5713.32921875,2017,Summer,Dec 2016–Feb 2017,64
170,5713.28734375,2017,Summer,Dec 2016–Feb 2017,64
175,5702.38171875,2017,Summer,Dec 2016–Feb 2017,64
180,5685.57578125,2017,Summer,Dec 2016–Feb 2017,64
185,5688.835,2017,Summer,Dec 2016–Feb 2017,64
190,5691.279375,2017,Summer,Dec 2016–Feb 2017,64
195,5687.133125,2017,Summer,Dec 2016–Feb 2017,64
200,5688.5753125,2017,Summer,Dec 2016–Feb 2017,64
205,5693.3071875,2017,Summer,Dec 2016–Feb 2017,64
210,5672.26953125,2017,Summer,Dec 2016–Feb 2017,64
215,5674.83984375,2017,Summer,Dec 2016–Feb 2017,64
220,5667.5121875,2017,Summer,Dec 2016–Feb 2017,64
225,5675.75859375,2017,Summer,Dec 2016–Feb 2017,64
230,5676.7734375,2017,Summer,Dec 2016–Feb 2017,64
235,5666.33234375,2017,Summer,Dec 2016–Feb 2017,64
240,5672.07984375,2017,Summer,Dec 2016–Feb 2017,64
245,5692.0484375,2017,Summer,Dec 2016–Feb 2017,64
250,5704.671875,2017,Summer,Dec 2016–Feb 2017,64
255,5718.6021875,2017,Summer,Dec 2016–Feb 2017,64
260,5717.15046875,2017,Summer,Dec 2016–Feb 2017,64
265,5715.52296875,2017,Summer,Dec 2016–Feb 2017,64
270,5724.94359375,2017,Summer,Dec 2016–Feb 2017,64
275,5741.1790625,2017,Summer,Dec 2016–Feb 2017,64
280,5736.89171875,2017,Summer,Dec 2016–Feb 2017,64
285,5744.46796875,2017,Summer,Dec 2016–Feb 2017,64
290,5766.05734375,2017,Summer,Dec 2016–Feb 2017,64
295,5776.07453125,2017,Summer,Dec 2016–Feb 2017,64
300,5795.4740625,2017,Summer,Dec 2016–Feb 2017,64
305,5842.748125,2017,Summer,Dec 2016–Feb 2017,64
310,5863.35046875,2017,Summer,Dec 2016–Feb 2017,64
315,5894.81921875,2017,Summer,Dec 2016–Feb 2017,64
320,5911.35515625,2017,Summer,Dec 2016–Feb 2017,64
325,5915.586875,2017,Summer,Dec 2016–Feb 2017,64
330,5922.8871875,2017,Summer,Dec 2016–Feb 2017,64
335,5931.77453125,2017,Summer,Dec 2016–Feb 2017,64
340,5952.1009375,2017,Summer,Dec 2016–Feb 2017,64
345,6011.240625,2017,Summer,Dec 2016–Feb 2017,64
350,6039.9775,2017,Summer,Dec 2016–Feb 2017,64
355,6068.51796875,2017,Summer,Dec 2016–Feb 2017,64
360,6116.6459375,2017,Summer,Dec 2016–Feb 2017,64
365,6150.43640625,2017,Summer,Dec 2016–Feb 2017,64
370,6216.63984375,2017,Summer,Dec 2016–Feb 2017,64
375,6290.60390625,2017,Summer,Dec 2016–Feb 2017,64
380,6312.17890625,2017,Summer,Dec 2016–Feb 2017,64
385,6346.76671875,2017,Summer,Dec 2016–Feb 2017,64
390,6396.5325,2017,Summer,Dec 2016–Feb 2017,64
395,6438.11171875,2017,Summer,Dec 2016–Feb 2017,64
400,6479.16359375,2017,Summer,Dec 2016–Feb 2017,64
405,6512.89125,2017,Summer,Dec 2016–Feb 2017,64
410,6535.5546875,2017,Summer,Dec 2016–Feb 2017,64
415,6566.00484375,2017,Summer,Dec 2016–Feb 2017,64
420,6624.39453125,2017,Summer,Dec 2016–Feb 2017,64
425,6690.64625,2017,Summer,Dec 2016–Feb 2017,64
430,6797.7109375,2017,Summer,Dec 2016–Feb 2017,64
435,6841.7384375,2017,Summer,Dec 2016–Feb 2017,64
440,6861.463125,2017,Summer,Dec 2016–Feb 2017,64
445,6897.94046875,2017,Summer,Dec 2016–Feb 2017,64
450,6939.633125,2017,Summer,Dec 2016–Feb 2017,64
455,6947.93921875,2017,Summer,Dec 2016–Feb 2017,64
460,6935.16859375,2017,Summer,Dec 2016–Feb 2017,64
465,6966.61375,2017,Summer,Dec 2016–Feb 2017,64
470,6980.2046875,2017,Summer,Dec 2016–Feb 2017,64
475,6983.7603125,2017,Summer,Dec 2016–Feb 2017,64
480,7007.19328125,2017,Summer,Dec 2016–Feb 2017,64
485,7024.195,2017,Summer,Dec 2016–Feb 2017,64
490,7058.431875,2017,Summer,Dec 2016–Feb 2017,64
495,7083.9315625,2017,Summer,Dec 2016–Feb 2017,64
500,7080.01,2017,Summer,Dec 2016–Feb 2017,64
505,7082.24703125,2017,Summer,Dec 2016–Feb 2017,64
510,7098.89734375,2017,Summer,Dec 2016–Feb 2017,64
515,7097.14703125,2017,Summer,Dec 2016–Feb 2017,64
520,7116.1103125,2017,Summer,Dec 2016–Feb 2017,64
525,7130.8678125,2017,Summer,Dec 2016–Feb 2017,64
530,7147.3009375,2017,Summer,Dec 2016–Feb 2017,64
535,7136.95609375,2017,Summer,Dec 2016–Feb 2017,64
540,7171.3403125,2017,Summer,Dec 2016–Feb 2017,64
545,7167.8675,2017,Summer,Dec 2016–Feb 2017,64
550,7174.46296875,2017,Summer,Dec 2016–Feb 2017,64
555,7192.41265625,2017,Summer,Dec 2016–Feb 2017,64
560,7189.873125,2017,Summer,Dec 2016–Feb 2017,64
565,7178.1925,2017,Summer,Dec 2016–Feb 2017,64
570,7168.46125,2017,Summer,Dec 2016–Feb 2017,64
575,7168.79296875,2017,Summer,Dec 2016–Feb 2017,64
580,7196.12859375,2017,Summer,Dec 2016–Feb 2017,64
585,7211.07234375,2017,Summer,Dec 2016–Feb 2017,64
590,7222.76328125,2017,Summer,Dec 2016–Feb 2017,64
595,7224.5609375,2017,Summer,Dec 2016–Feb 2017,64
600,7226.87640625,2017,Summer,Dec 2016–Feb 2017,64
605,7231.916875,2017,Summer,Dec 2016–Feb 2017,64
610,7234.23484375,2017,Summer,Dec 2016–Feb 2017,64
615,7244.3090624999995,2017,Summer,Dec 2016–Feb 2017,64
620,7245.22859375,2017,Summer,Dec 2016–Feb 2017,64
625,7236.91140625,2017,Summer,Dec 2016–Feb 2017,64
630,7236.709375,2017,Summer,Dec 2016–Feb 2017,64
635,7256.2771875,2017,Summer,Dec 2016–Feb 2017,64
640,7262.90265625,2017,Summer,Dec 2016–Feb 2017,64
645,7283.764375,2017,Summer,Dec 2016–Feb 2017,64
650,7297.53515625,2017,Summer,Dec 2016–Feb 2017,64
655,7292.533125,2017,Summer,Dec 2016–Feb 2017,64
660,7296.275,2017,Summer,Dec 2016–Feb 2017,64
665,7308.79,2017,Summer,Dec 2016–Feb 2017,64
670,7300.01015625,2017,Summer,Dec 2016–Feb 2017,64
675,7323.04796875,2017,Summer,Dec 2016–Feb 2017,64
680,7332.75390625,2017,Summer,Dec 2016–Feb 2017,64
685,7333.40859375,2017,Summer,Dec 2016–Feb 2017,64
690,7350.47640625,2017,Summer,Dec 2016–Feb 2017,64
695,7361.78234375,2017,Summer,Dec 2016–Feb 2017,64
700,7370.51515625,2017,Summer,Dec 2016–Feb 2017,64
705,7401.7309375,2017,Summer,Dec 2016–Feb 2017,64
710,7401.17546875,2017,Summer,Dec 2016–Feb 2017,64
715,7390.05546875,2017,Summer,Dec 2016–Feb 2017,64
720,7405.60390625,2017,Summer,Dec 2016–Feb 2017,64
725,7409.15390625,2017,Summer,Dec 2016–Feb 2017,64
730,7421.46,2017,Summer,Dec 2016–Feb 2017,64
735,7447.39796875,2017,Summer,Dec 2016–Feb 2017,64
740,7442.46234375,2017,Summer,Dec 2016–Feb 2017,64
745,7444.6465625,2017,Summer,Dec 2016–Feb 2017,64
750,7462.25046875,2017,Summer,Dec 2016–Feb 2017,64
755,7483.5271875,2017,Summer,Dec 2016–Feb 2017,64
760,7497.31546875,2017,Summer,Dec 2016–Feb 2017,64
765,7504.38015625,2017,Summer,Dec 2016–Feb 2017,64
770,7523.63578125,2017,Summer,Dec 2016–Feb 2017,64
775,7521.168125,2017,Summer,Dec 2016–Feb 2017,64
780,7539.26359375,2017,Summer,Dec 2016–Feb 2017,64
785,7549.084375,2017,Summer,Dec 2016–Feb 2017,64
790,7575.97234375,2017,Summer,Dec 2016–Feb 2017,64
795,7591.78671875,2017,Summer,Dec 2016–Feb 2017,64
800,7596.79,2017,Summer,Dec 2016–Feb 2017,64
805,7604.0109375,2017,Summer,Dec 2016–Feb 2017,64
810,7602.70515625,2017,Summer,Dec 2016–Feb 2017,64
815,7625.15234375,2017,Summer,Dec 2016–Feb 2017,64
820,7654.75078125,2017,Summer,Dec 2016–Feb 2017,64
825,7667.19796875,2017,Summer,Dec 2016–Feb 2017,64
830,7686.00671875,2017,Summer,Dec 2016–Feb 2017,64
835,7697.7721875,2017,Summer,Dec 2016–Feb 2017,64
840,7696.88078125,2017,Summer,Dec 2016–Feb 2017,64
845,7705.6846875,2017,Summer,Dec 2016–Feb 2017,64
850,7726.3553125,2017,Summer,Dec 2016–Feb 2017,64
855,7755.01671875,2017,Summer,Dec 2016–Feb 2017,64
860,7765.85125,2017,Summer,Dec 2016–Feb 2017,64
865,7758.05734375,2017,Summer,Dec 2016–Feb 2017,64
870,7765.2628125,2017,Summer,Dec 2016–Feb 2017,64
875,7777.639375,2017,Summer,Dec 2016–Feb 2017,64
880,7794.54265625,2017,Summer,Dec 2016–Feb 2017,64
885,7811.32046875,2017,Summer,Dec 2016–Feb 2017,64
890,7823.70921875,2017,Summer,Dec 2016–Feb 2017,64
895,7829.2975,2017,Summer,Dec 2016–Feb 2017,64
900,7845.9471875,2017,Summer,Dec 2016–Feb 2017,64
905,7848.043125,2017,Summer,Dec 2016–Feb 2017,64
910,7842.26875,2017,Summer,Dec 2016–Feb 2017,64
915,7883.84140625,2017,Summer,Dec 2016–Feb 2017,64
920,7900.84171875,2017,Summer,Dec 2016–Feb 2017,64
925,7913.43828125,2017,Summer,Dec 2016–Feb 2017,64
930,7944.9390625,2017,Summer,Dec 2016–Feb 2017,64
935,7946.50859375,2017,Summer,Dec 2016–Feb 2017,64
940,7978.30984375,2017,Summer,Dec 2016–Feb 2017,64
945,8004.7978125,2017,Summer,Dec 2016–Feb 2017,64
950,8027.41390625,2017,Summer,Dec 2016–Feb 2017,64
955,8018.65453125,2017,Summer,Dec 2016–Feb 2017,64
960,8035.43890625,2017,Summer,Dec 2016–Feb 2017,64
965,8026.61265625,2017,Summer,Dec 2016–Feb 2017,64
970,8068.3110937500005,2017,Summer,Dec 2016–Feb 2017,64
975,8083.2059375,2017,Summer,Dec 2016–Feb 2017,64
980,8093.7171875,2017,Summer,Dec 2016–Feb 2017,64
985,8091.8840625,2017,Summer,Dec 2016–Feb 2017,64
990,8107.89703125,2017,Summer,Dec 2016–Feb 2017,64
995,8116.49140625,2017,Summer,Dec 2016–Feb 2017,64
1000,8145.461875,2017,Summer,Dec 2016–Feb 2017,64
1005,8168.21828125,2017,Summer,Dec 2016–Feb 2017,64
1010,8174.2078125,2017,Summer,Dec 2016–Feb 2017,64
1015,8168.2446875,2017,Summer,Dec 2016–Feb 2017,64
1020,8148.4243750000005,2017,Summer,Dec 2016–Feb 2017,64
1025,8145.16328125,2017,Summer,Dec 2016–Feb 2017,64
1030,8145.6734375,2017,Summer,Dec 2016–Feb 2017,64
1035,8170.3040625,2017,Summer,Dec 2016–Feb 2017,64
1040,8126.35859375,2017,Summer,Dec 2016–Feb 2017,64
1045,8121.9334375,2017,Summer,Dec 2016–Feb 2017,64
1050,8086.124375,2017,Summer,Dec 2016–Feb 2017,64
1055,8086.12828125,2017,Summer,Dec 2016–Feb 2017,64
1060,8065.65921875,2017,Summer,Dec 2016–Feb 2017,64
1065,8068.46625,2017,Summer,Dec 2016–Feb 2017,64
1070,8060.7771875,2017,Summer,Dec 2016–Feb 2017,64
1075,8075.894375,2017,Summer,Dec 2016–Feb 2017,64
1080,8014.11515625,2017,Summer,Dec 2016–Feb 2017,64
1085,8004.55078125,2017,Summer,Dec 2016–Feb 2017,64
1090,7987.5284375,2017,Summer,Dec 2016–Feb 2017,64
1095,7995.24671875,2017,Summer,Dec 2016–Feb 2017,64
1100,7983.448125,2017,Summer,Dec 2016–Feb 2017,64
1105,7985.52609375,2017,Summer,Dec 2016–Feb 2017,64
1110,7986.54703125,2017,Summer,Dec 2016–Feb 2017,64
1115,7999.96625,2017,Summer,Dec 2016–Feb 2017,64
1120,8061.4734375,2017,Summer,Dec 2016–Feb 2017,64
1125,8095.73625,2017,Summer,Dec 2016–Feb 2017,64
1130,8112.52546875,2017,Summer,Dec 2016–Feb 2017,64
1135,8080.1721875,2017,Summer,Dec 2016–Feb 2017,64
1140,8083.271875,2017,Summer,Dec 2016–Feb 2017,64
1145,8103.43109375,2017,Summer,Dec 2016–Feb 2017,64
1150,8124.25953125,2017,Summer,Dec 2016–Feb 2017,64
1155,8123.25140625,2017,Summer,Dec 2016–Feb 2017,64
1160,8092.8892187500005,2017,Summer,Dec 2016–Feb 2017,64
1165,8046.0640625,2017,Summer,Dec 2016–Feb 2017,64
1170,8003.9715625,2017,Summer,Dec 2016–Feb 2017,64
1175,8005.92421875,2017,Summer,Dec 2016–Feb 2017,64
1180,8042.23484375,2017,Summer,Dec 2016–Feb 2017,64
1185,8035.875625,2017,Summer,Dec 2016–Feb 2017,64
1190,8020.2684375,2017,Summer,Dec 2016–Feb 2017,64
1195,8000.62671875,2017,Summer,Dec 2016–Feb 2017,64
1200,7958.08203125,2017,Summer,Dec 2016–Feb 2017,64
1205,7945.21796875,2017,Summer,Dec 2016–Feb 2017,64
1210,7942.82546875,2017,Summer,Dec 2016–Feb 2017,64
1215,7907.946875,2017,Summer,Dec 2016–Feb 2017,64
1220,7856.2809375,2017,Summer,Dec 2016–Feb 2017,64
1225,7808.42765625,2017,Summer,Dec 2016–Feb 2017,64
1230,7775.99859375,2017,Summer,Dec 2016–Feb 2017,64
1235,7721.16890625,2017,Summer,Dec 2016–Feb 2017,64
1240,7701.2371875,2017,Summer,Dec 2016–Feb 2017,64
1245,7660.84015625,2017,Summer,Dec 2016–Feb 2017,64
1250,7619.72484375,2017,Summer,Dec 2016–Feb 2017,64
1255,7583.65625,2017,Summer,Dec 2016–Feb 2017,64
1260,7526.988125,2017,Summer,Dec 2016–Feb 2017,64
1265,7487.775,2017,Summer,Dec 2016–Feb 2017,64
1270,7496.323125,2017,Summer,Dec 2016–Feb 2017,64
1275,7498.50890625,2017,Summer,Dec 2016–Feb 2017,64
1280,7461.59015625,2017,Summer,Dec 2016–Feb 2017,64
1285,7400.669375,2017,Summer,Dec 2016–Feb 2017,64
1290,7340.80859375,2017,Summer,Dec 2016–Feb 2017,64
1295,7311.24421875,2017,Summer,Dec 2016–Feb 2017,64
1300,7290.753125,2017,Summer,Dec 2016–Feb 2017,64
1305,7231.4928125,2017,Summer,Dec 2016–Feb 2017,64
1310,7175.1575,2017,Summer,Dec 2016–Feb 2017,64
1315,7127.14859375,2017,Summer,Dec 2016–Feb 2017,64
1320,7038.445625,2017,Summer,Dec 2016–Feb 2017,64
1325,7038.75859375,2017,Summer,Dec 2016–Feb 2017,64
1330,7000.34890625,2017,Summer,Dec 2016–Feb 2017,64
1335,6943.96296875,2017,Summer,Dec 2016–Feb 2017,64
1340,6880.34453125,2017,Summer,Dec 2016–Feb 2017,64
1345,6856.05640625,2017,Summer,Dec 2016–Feb 2017,64
1350,6867.92640625,2017,Summer,Dec 2016–Feb 2017,64
1355,6891.9403125,2017,Summer,Dec 2016–Feb 2017,64
1360,6867.91015625,2017,Summer,Dec 2016–Feb 2017,64
1365,6829.0512499999995,2017,Summer,Dec 2016–Feb 2017,64
1370,6801.25078125,2017,Summer,Dec 2016–Feb 2017,64
1375,6737.39171875,2017,Summer,Dec 2016–Feb 2017,64
1380,6679.74015625,2017,Summer,Dec 2016–Feb 2017,64
1385,6694.15796875,2017,Summer,Dec 2016–Feb 2017,64
1390,6667.90859375,2017,Summer,Dec 2016–Feb 2017,64
1395,6618.55640625,2017,Summer,Dec 2016–Feb 2017,64
1400,6566.92953125,2017,Summer,Dec 2016–Feb 2017,64
1405,6482.19484375,2017,Summer,Dec 2016–Feb 2017,64
1410,6414.5215625,2017,Summer,Dec 2016–Feb 2017,64
1415,6362.528125,2017,Summer,Dec 2016–Feb 2017,64
1420,6325.9917187500005,2017,Summer,Dec 2016–Feb 2017,64
1425,6276.81640625,2017,Summer,Dec 2016–Feb 2017,64
1430,6246.49078125,2017,Summer,Dec 2016–Feb 2017,64
1435,6212.1184375,2017,Summer,Dec 2016–Feb 2017,64
0,5498.360909090909,2017,Winter,Jun–Aug 2017,66
5,5490.491515151515,2017,Winter,Jun–Aug 2017,66
10,5468.503181818182,2017,Winter,Jun–Aug 2017,66
15,5448.993636363637,2017,Winter,Jun–Aug 2017,66
20,5417.154545454546,2017,Winter,Jun–Aug 2017,66
25,5377.14803030303,2017,Winter,Jun–Aug 2017,66
30,5333.006363636363,2017,Winter,Jun–Aug 2017,66
35,5327.266666666666,2017,Winter,Jun–Aug 2017,66
40,5318.921515151515,2017,Winter,Jun–Aug 2017,66
45,5300.289242424243,2017,Winter,Jun–Aug 2017,66
50,5272.449696969697,2017,Winter,Jun–Aug 2017,66
55,5238.035,2017,Winter,Jun–Aug 2017,66
60,5201.254393939394,2017,Winter,Jun–Aug 2017,66
65,5192.574242424243,2017,Winter,Jun–Aug 2017,66
70,5172.14893939394,2017,Winter,Jun–Aug 2017,66
75,5163.216818181818,2017,Winter,Jun–Aug 2017,66
80,5132.268333333333,2017,Winter,Jun–Aug 2017,66
85,5113.159242424243,2017,Winter,Jun–Aug 2017,66
90,5108.2283333333335,2017,Winter,Jun–Aug 2017,66
95,5098.8803030303025,2017,Winter,Jun–Aug 2017,66
100,5085.308181818182,2017,Winter,Jun–Aug 2017,66
105,5068.315,2017,Winter,Jun–Aug 2017,66
110,5055.368333333333,2017,Winter,Jun–Aug 2017,66
115,5049.359696969696,2017,Winter,Jun–Aug 2017,66
120,5040.951818181818,2017,Winter,Jun–Aug 2017,66
125,5040.291515151515,2017,Winter,Jun–Aug 2017,66
130,5033.483787878788,2017,Winter,Jun–Aug 2017,66
135,5036.587121212121,2017,Winter,Jun–Aug 2017,66
140,5020.4345454545455,2017,Winter,Jun–Aug 2017,66
145,5014.077121212122,2017,Winter,Jun–Aug 2017,66
150,5001.479545454546,2017,Winter,Jun–Aug 2017,66
155,5021.428787878787,2017,Winter,Jun–Aug 2017,66
160,5001.908333333334,2017,Winter,Jun–Aug 2017,66
165,5001.183787878788,2017,Winter,Jun–Aug 2017,66
170,5011.065606060606,2017,Winter,Jun–Aug 2017,66
175,5007.407272727272,2017,Winter,Jun–Aug 2017,66
180,4990.686212121212,2017,Winter,Jun–Aug 2017,66
185,4994.241212121212,2017,Winter,Jun–Aug 2017,66
190,5005.329545454545,2017,Winter,Jun–Aug 2017,66
195,5003.845151515152,2017,Winter,Jun–Aug 2017,66
200,5000.324848484848,2017,Winter,Jun–Aug 2017,66
205,5006.88696969697,2017,Winter,Jun–Aug 2017,66
210,4999.285,2017,Winter,Jun–Aug 2017,66
215,5013.803333333333,2017,Winter,Jun–Aug 2017,66
220,5002.564848484849,2017,Winter,Jun–Aug 2017,66
225,5016.395151515152,2017,Winter,Jun–Aug 2017,66
230,5021.632727272728,2017,Winter,Jun–Aug 2017,66
235,5025.25393939394,2017,Winter,Jun–Aug 2017,66
240,5039.737272727272,2017,Winter,Jun–Aug 2017,66
245,5063.117878787879,2017,Winter,Jun–Aug 2017,66
250,5076.239848484849,2017,Winter,Jun–Aug 2017,66
255,5102.5275757575755,2017,Winter,Jun–Aug 2017,66
260,5117.770151515152,2017,Winter,Jun–Aug 2017,66
265,5127.685909090909,2017,Winter,Jun–Aug 2017,66
270,5138.29303030303,2017,Winter,Jun–Aug 2017,66
275,5161.625757575757,2017,Winter,Jun–Aug 2017,66
280,5181.895909090909,2017,Winter,Jun–Aug 2017,66
285,5196.574848484848,2017,Winter,Jun–Aug 2017,66
290,5227.652727272727,2017,Winter,Jun–Aug 2017,66
295,5248.403333333334,2017,Winter,Jun–Aug 2017,66
300,5298.159393939394,2017,Winter,Jun–Aug 2017,66
305,5359.625303030303,2017,Winter,Jun–Aug 2017,66
310,5416.545303030303,2017,Winter,Jun–Aug 2017,66
315,5462.430151515152,2017,Winter,Jun–Aug 2017,66
320,5495.59696969697,2017,Winter,Jun–Aug 2017,66
325,5515.135909090909,2017,Winter,Jun–Aug 2017,66
330,5554.833181818181,2017,Winter,Jun–Aug 2017,66
335,5604.086969696969,2017,Winter,Jun–Aug 2017,66
340,5641.731666666667,2017,Winter,Jun–Aug 2017,66
345,5709.885151515151,2017,Winter,Jun–Aug 2017,66
350,5769.212272727273,2017,Winter,Jun–Aug 2017,66
355,5815.416515151515,2017,Winter,Jun–Aug 2017,66
360,5898.229545454546,2017,Winter,Jun–Aug 2017,66
365,5972.2110606060605,2017,Winter,Jun–Aug 2017,66
370,6075.240454545455,2017,Winter,Jun–Aug 2017,66
375,6170.082727272727,2017,Winter,Jun–Aug 2017,66
380,6208.26303030303,2017,Winter,Jun–Aug 2017,66
385,6256.487878787879,2017,Winter,Jun–Aug 2017,66
390,6319.133939393939,2017,Winter,Jun–Aug 2017,66
395,6369.211666666666,2017,Winter,Jun–Aug 2017,66
400,6447.058484848485,2017,Winter,Jun–Aug 2017,66
405,6504.299696969698,2017,Winter,Jun–Aug 2017,66
410,6559.939393939394,2017,Winter,Jun–Aug 2017,66
415,6597.475757575758,2017,Winter,Jun–Aug 2017,66
420,6664.017727272727,2017,Winter,Jun–Aug 2017,66
425,6745.563636363637,2017,Winter,Jun–Aug 2017,66
430,6828.069090909091,2017,Winter,Jun–Aug 2017,66
435,6867.122878787879,2017,Winter,Jun–Aug 2017,66
440,6864.151363636363,2017,Winter,Jun–Aug 2017,66
445,6873.160454545455,2017,Winter,Jun–Aug 2017,66
450,6892.301666666666,2017,Winter,Jun–Aug 2017,66
455,6868.263333333333,2017,Winter,Jun–Aug 2017,66
460,6822.377121212121,2017,Winter,Jun–Aug 2017,66
465,6811.574090909091,2017,Winter,Jun–Aug 2017,66
470,6785.543181818181,2017,Winter,Jun–Aug 2017,66
475,6753.866515151515,2017,Winter,Jun–Aug 2017,66
480,6715.448787878788,2017,Winter,Jun–Aug 2017,66
485,6656.754090909091,2017,Winter,Jun–Aug 2017,66
490,6654.653333333334,2017,Winter,Jun–Aug 2017,66
495,6631.982727272727,2017,Winter,Jun–Aug 2017,66
500,6585.027727272727,2017,Winter,Jun–Aug 2017,66
505,6526.145909090909,2017,Winter,Jun–Aug 2017,66
510,6500.794848484848,2017,Winter,Jun–Aug 2017,66
515,6425.211212121212,2017,Winter,Jun–Aug 2017,66
520,6405.136818181819,2017,Winter,Jun–Aug 2017,66
525,6387.743939393939,2017,Winter,Jun–Aug 2017,66
530,6360.086363636364,2017,Winter,Jun–Aug 2017,66
535,6320.238787878788,2017,Winter,Jun–Aug 2017,66
540,6297.807272727273,2017,Winter,Jun–Aug 2017,66
545,6275.651515151515,2017,Winter,Jun–Aug 2017,66
550,6250.98909090909,2017,Winter,Jun–Aug 2017,66
555,6240.727424242425,2017,Winter,Jun–Aug 2017,66
560,6197.120606060606,2017,Winter,Jun–Aug 2017,66
565,6148.480151515151,2017,Winter,Jun–Aug 2017,66
570,6099.57909090909,2017,Winter,Jun–Aug 2017,66
575,6109.817424242425,2017,Winter,Jun–Aug 2017,66
580,6068.638636363637,2017,Winter,Jun–Aug 2017,66
585,6046.459696969698,2017,Winter,Jun–Aug 2017,66
590,6023.169848484848,2017,Winter,Jun–Aug 2017,66
595,5991.099848484849,2017,Winter,Jun–Aug 2017,66
600,5977.7472727272725,2017,Winter,Jun–Aug 2017,66
605,5973.461666666666,2017,Winter,Jun–Aug 2017,66
610,5947.0628787878795,2017,Winter,Jun–Aug 2017,66
615,5929.93393939394,2017,Winter,Jun–Aug 2017,66
620,5912.706363636364,2017,Winter,Jun–Aug 2017,66
625,5889.762727272728,2017,Winter,Jun–Aug 2017,66
630,5875.382424242424,2017,Winter,Jun–Aug 2017,66
635,5859.652727272727,2017,Winter,Jun–Aug 2017,66
640,5847.9378787878795,2017,Winter,Jun–Aug 2017,66
645,5848.79393939394,2017,Winter,Jun–Aug 2017,66
650,5829.601818181819,2017,Winter,Jun–Aug 2017,66
655,5819.835,2017,Winter,Jun–Aug 2017,66
660,5799.606666666667,2017,Winter,Jun–Aug 2017,66
665,5793.115303030303,2017,Winter,Jun–Aug 2017,66
670,5772.678333333333,2017,Winter,Jun–Aug 2017,66
675,5768.9681818181825,2017,Winter,Jun–Aug 2017,66
680,5755.76803030303,2017,Winter,Jun–Aug 2017,66
685,5731.686818181818,2017,Winter,Jun–Aug 2017,66
690,5732.129393939394,2017,Winter,Jun–Aug 2017,66
695,5736.115454545455,2017,Winter,Jun–Aug 2017,66
700,5729.360000000001,2017,Winter,Jun–Aug 2017,66
705,5739.240303030303,2017,Winter,Jun–Aug 2017,66
710,5731.386666666667,2017,Winter,Jun–Aug 2017,66
715,5718.918333333333,2017,Winter,Jun–Aug 2017,66
720,5710.192575757576,2017,Winter,Jun–Aug 2017,66
725,5721.2181818181825,2017,Winter,Jun–Aug 2017,66
730,5716.411363636364,2017,Winter,Jun–Aug 2017,66
735,5725.945303030303,2017,Winter,Jun–Aug 2017,66
740,5722.933787878788,2017,Winter,Jun–Aug 2017,66
745,5718.110757575758,2017,Winter,Jun–Aug 2017,66
750,5710.835606060607,2017,Winter,Jun–Aug 2017,66
755,5725.642727272727,2017,Winter,Jun–Aug 2017,66
760,5732.41196969697,2017,Winter,Jun–Aug 2017,66
765,5752.907272727272,2017,Winter,Jun–Aug 2017,66
770,5744.900000000001,2017,Winter,Jun–Aug 2017,66
775,5736.920454545455,2017,Winter,Jun–Aug 2017,66
780,5746.447272727273,2017,Winter,Jun–Aug 2017,66
785,5757.70803030303,2017,Winter,Jun–Aug 2017,66
790,5760.723484848485,2017,Winter,Jun–Aug 2017,66
795,5790.444393939394,2017,Winter,Jun–Aug 2017,66
800,5784.018484848484,2017,Winter,Jun–Aug 2017,66
805,5776.916515151515,2017,Winter,Jun–Aug 2017,66
810,5791.3159090909085,2017,Winter,Jun–Aug 2017,66
815,5797.682727272727,2017,Winter,Jun–Aug 2017,66
820,5816.288636363636,2017,Winter,Jun–Aug 2017,66
825,5839.7716666666665,2017,Winter,Jun–Aug 2017,66
830,5853.7212121212115,2017,Winter,Jun–Aug 2017,66
835,5846.167878787879,2017,Winter,Jun–Aug 2017,66
840,5872.448181818182,2017,Winter,Jun–Aug 2017,66
845,5878.177121212121,2017,Winter,Jun–Aug 2017,66
850,5894.939242424242,2017,Winter,Jun–Aug 2017,66
855,5924.655,2017,Winter,Jun–Aug 2017,66
860,5934.571515151515,2017,Winter,Jun–Aug 2017,66
865,5930.319696969696,2017,Winter,Jun–Aug 2017,66
870,5951.445,2017,Winter,Jun–Aug 2017,66
875,5953.261666666667,2017,Winter,Jun–Aug 2017,66
880,5963.401666666667,2017,Winter,Jun–Aug 2017,66
885,5986.09,2017,Winter,Jun–Aug 2017,66
890,5997.682272727272,2017,Winter,Jun–Aug 2017,66
895,6006.581969696969,2017,Winter,Jun–Aug 2017,66
900,6010.086515151515,2017,Winter,Jun–Aug 2017,66
905,6039.665454545454,2017,Winter,Jun–Aug 2017,66
910,6044.371515151515,2017,Winter,Jun–Aug 2017,66
915,6088.402727272727,2017,Winter,Jun–Aug 2017,66
920,6099.938484848485,2017,Winter,Jun–Aug 2017,66
925,6130.390909090909,2017,Winter,Jun–Aug 2017,66
930,6155.806515151515,2017,Winter,Jun–Aug 2017,66
935,6173.016818181818,2017,Winter,Jun–Aug 2017,66
940,6216.09,2017,Winter,Jun–Aug 2017,66
945,6247.075757575758,2017,Winter,Jun–Aug 2017,66
950,6268.579393939393,2017,Winter,Jun–Aug 2017,66
955,6293.386060606061,2017,Winter,Jun–Aug 2017,66
960,6336.294545454545,2017,Winter,Jun–Aug 2017,66
965,6355.475606060606,2017,Winter,Jun–Aug 2017,66
970,6390.574696969697,2017,Winter,Jun–Aug 2017,66
975,6443.953030303031,2017,Winter,Jun–Aug 2017,66
980,6465.185303030303,2017,Winter,Jun–Aug 2017,66
985,6499.498787878788,2017,Winter,Jun–Aug 2017,66
990,6543.3424242424235,2017,Winter,Jun–Aug 2017,66
995,6578.701060606061,2017,Winter,Jun–Aug 2017,66
1000,6613.250303030303,2017,Winter,Jun–Aug 2017,66
1005,6678.357272727273,2017,Winter,Jun–Aug 2017,66
1010,6710.2851515151515,2017,Winter,Jun–Aug 2017,66
1015,6766.385303030303,2017,Winter,Jun–Aug 2017,66
1020,6800.441515151515,2017,Winter,Jun–Aug 2017,66
1025,6851.0628787878795,2017,Winter,Jun–Aug 2017,66
1030,6887.441666666667,2017,Winter,Jun–Aug 2017,66
1035,6940.002121212121,2017,Winter,Jun–Aug 2017,66
1040,6954.751969696969,2017,Winter,Jun–Aug 2017,66
1045,6996.240606060606,2017,Winter,Jun–Aug 2017,66
1050,7026.224999999999,2017,Winter,Jun–Aug 2017,66
1055,7067.637121212121,2017,Winter,Jun–Aug 2017,66
1060,7115.119090909091,2017,Winter,Jun–Aug 2017,66
1065,7162.837575757576,2017,Winter,Jun–Aug 2017,66
1070,7187.289242424243,2017,Winter,Jun–Aug 2017,66
1075,7212.420757575758,2017,Winter,Jun–Aug 2017,66
1080,7192.801666666667,2017,Winter,Jun–Aug 2017,66
1085,7214.463636363636,2017,Winter,Jun–Aug 2017,66
1090,7214.4366666666665,2017,Winter,Jun–Aug 2017,66
1095,7238.823484848484,2017,Winter,Jun–Aug 2017,66
1100,7227.899393939394,2017,Winter,Jun–Aug 2017,66
1105,7227.350454545454,2017,Winter,Jun–Aug 2017,66
1110,7215.913787878788,2017,Winter,Jun–Aug 2017,66
1115,7238.90106060606,2017,Winter,Jun–Aug 2017,66
1120,7288.997878787879,2017,Winter,Jun–Aug 2017,66
1125,7269.829393939393,2017,Winter,Jun–Aug 2017,66
1130,7264.488181818182,2017,Winter,Jun–Aug 2017,66
1135,7201.284848484848,2017,Winter,Jun–Aug 2017,66
1140,7174.288636363636,2017,Winter,Jun–Aug 2017,66
1145,7169.398181818181,2017,Winter,Jun–Aug 2017,66
1150,7161.825,2017,Winter,Jun–Aug 2017,66
1155,7155.462727272727,2017,Winter,Jun–Aug 2017,66
1160,7105.828333333333,2017,Winter,Jun–Aug 2017,66
1165,7059.934242424242,2017,Winter,Jun–Aug 2017,66
1170,7013.864696969697,2017,Winter,Jun–Aug 2017,66
1175,7028.264090909091,2017,Winter,Jun–Aug 2017,66
1180,7045.043787878788,2017,Winter,Jun–Aug 2017,66
1185,7029.79196969697,2017,Winter,Jun–Aug 2017,66
1190,7022.276060606061,2017,Winter,Jun–Aug 2017,66
1195,7024.958787878788,2017,Winter,Jun–Aug 2017,66
1200,6989.335757575757,2017,Winter,Jun–Aug 2017,66
1205,7013.367121212121,2017,Winter,Jun–Aug 2017,66
1210,7016.852575757576,2017,Winter,Jun–Aug 2017,66
1215,6982.947878787879,2017,Winter,Jun–Aug 2017,66
1220,6934.965,2017,Winter,Jun–Aug 2017,66
1225,6932.5898484848485,2017,Winter,Jun–Aug 2017,66
1230,6885.1239393939395,2017,Winter,Jun–Aug 2017,66
1235,6840.089545454545,2017,Winter,Jun–Aug 2017,66
1240,6813.568484848485,2017,Winter,Jun–Aug 2017,66
1245,6789.708484848485,2017,Winter,Jun–Aug 2017,66
1250,6758.4442424242425,2017,Winter,Jun–Aug 2017,66
1255,6717.944090909091,2017,Winter,Jun–Aug 2017,66
1260,6663.321212121213,2017,Winter,Jun–Aug 2017,66
1265,6633.422424242424,2017,Winter,Jun–Aug 2017,66
1270,6644.393484848484,2017,Winter,Jun–Aug 2017,66
1275,6642.266515151516,2017,Winter,Jun–Aug 2017,66
1280,6613.975303030303,2017,Winter,Jun–Aug 2017,66
1285,6554.995303030303,2017,Winter,Jun–Aug 2017,66
1290,6494.404545454546,2017,Winter,Jun–Aug 2017,66
1295,6468.050606060607,2017,Winter,Jun–Aug 2017,66
1300,6462.79,2017,Winter,Jun–Aug 2017,66
1305,6425.159090909091,2017,Winter,Jun–Aug 2017,66
1310,6373.675303030303,2017,Winter,Jun–Aug 2017,66
1315,6333.675909090909,2017,Winter,Jun–Aug 2017,66
1320,6283.17090909091,2017,Winter,Jun–Aug 2017,66
1325,6336.921969696969,2017,Winter,Jun–Aug 2017,66
1330,6312.175454545455,2017,Winter,Jun–Aug 2017,66
1335,6259.009999999999,2017,Winter,Jun–Aug 2017,66
1340,6225.835909090909,2017,Winter,Jun–Aug 2017,66
1345,6194.354848484848,2017,Winter,Jun–Aug 2017,66
1350,6202.64696969697,2017,Winter,Jun–Aug 2017,66
1355,6219.055909090909,2017,Winter,Jun–Aug 2017,66
1360,6214.328484848485,2017,Winter,Jun–Aug 2017,66
1365,6178.59696969697,2017,Winter,Jun–Aug 2017,66
1370,6161.823181818182,2017,Winter,Jun–Aug 2017,66
1375,6104.315606060606,2017,Winter,Jun–Aug 2017,66
1380,6040.141363636364,2017,Winter,Jun–Aug 2017,66
1385,6069.447424242425,2017,Winter,Jun–Aug 2017,66
1390,6038.926060606061,2017,Winter,Jun–Aug 2017,66
1395,6008.580757575758,2017,Winter,Jun–Aug 2017,66
1400,5944.446212121213,2017,Winter,Jun–Aug 2017,66
1405,5868.571363636364,2017,Winter,Jun–Aug 2017,66
1410,5817.279848484849,2017,Winter,Jun–Aug 2017,66
1415,5762.543181818181,2017,Winter,Jun–Aug 2017,66
1420,5720.070303030303,2017,Winter,Jun–Aug 2017,66
1425,5677.633181818182,2017,Winter,Jun–Aug 2017,66
1430,5627.605606060606,2017,Winter,Jun–Aug 2017,66
1435,5585.057575757575,2017,Winter,Jun–Aug 2017,66
0,6092.60046875,2019,Summer,Dec 2018–Feb 2019,64
5,6084.75109375,2019,Summer,Dec 2018–Feb 2019,64
10,6084.60765625,2019,Summer,Dec 2018–Feb 2019,64
15,6057.23171875,2019,Summer,Dec 2018–Feb 2019,64
20,6024.99453125,2019,Summer,Dec 2018–Feb 2019,64
25,5992.95828125,2019,Summer,Dec 2018–Feb 2019,64
30,5956.34625,2019,Summer,Dec 2018–Feb 2019,64
35,5933.27984375,2019,Summer,Dec 2018–Feb 2019,64
40,5916.81046875,2019,Summer,Dec 2018–Feb 2019,64
45,5894.235625,2019,Summer,Dec 2018–Feb 2019,64
50,5881.55734375,2019,Summer,Dec 2018–Feb 2019,64
55,5843.07375,2019,Summer,Dec 2018–Feb 2019,64
60,5834.5440625,2019,Summer,Dec 2018–Feb 2019,64
65,5813.00953125,2019,Summer,Dec 2018–Feb 2019,64
70,5807.59984375,2019,Summer,Dec 2018–Feb 2019,64
75,5791.65578125,2019,Summer,Dec 2018–Feb 2019,64
80,5767.32546875,2019,Summer,Dec 2018–Feb 2019,64
85,5759.82328125,2019,Summer,Dec 2018–Feb 2019,64
90,5755.84359375,2019,Summer,Dec 2018–Feb 2019,64
95,5728.24046875,2019,Summer,Dec 2018–Feb 2019,64
100,5730.6840625,2019,Summer,Dec 2018–Feb 2019,64
105,5718.59953125,2019,Summer,Dec 2018–Feb 2019,64
110,5708.8618750000005,2019,Summer,Dec 2018–Feb 2019,64
115,5700.7490625,2019,Summer,Dec 2018–Feb 2019,64
120,5698.7478125,2019,Summer,Dec 2018–Feb 2019,64
125,5693.46171875,2019,Summer,Dec 2018–Feb 2019,64
130,5691.03296875,2019,Summer,Dec 2018–Feb 2019,64
135,5689.11359375,2019,Summer,Dec 2018–Feb 2019,64
140,5667.29171875,2019,Summer,Dec 2018–Feb 2019,64
145,5675.799375,2019,Summer,Dec 2018–Feb 2019,64
150,5660.513125,2019,Summer,Dec 2018–Feb 2019,64
155,5659.53375,2019,Summer,Dec 2018–Feb 2019,64
160,5650.54375,2019,Summer,Dec 2018–Feb 2019,64
165,5647.5446875,2019,Summer,Dec 2018–Feb 2019,64
170,5632.7703125,2019,Summer,Dec 2018–Feb 2019,64
175,5641.50390625,2019,Summer,Dec 2018–Feb 2019,64
180,5633.661875,2019,Summer,Dec 2018–Feb 2019,64
185,5640.18015625,2019,Summer,Dec 2018–Feb 2019,64
190,5636.08328125,2019,Summer,Dec 2018–Feb 2019,64
195,5637.17375,2019,Summer,Dec 2018–Feb 2019,64
200,5633.69546875,2019,Summer,Dec 2018–Feb 2019,64
205,5620.20828125,2019,Summer,Dec 2018–Feb 2019,64
210,5613.0059375,2019,Summer,Dec 2018–Feb 2019,64
215,5621.62015625,2019,Summer,Dec 2018–Feb 2019,64
220,5625.121875,2019,Summer,Dec 2018–Feb 2019,64
225,5608.73515625,2019,Summer,Dec 2018–Feb 2019,64
230,5618.958125,2019,Summer,Dec 2018–Feb 2019,64
235,5616.13015625,2019,Summer,Dec 2018–Feb 2019,64
240,5617.979375,2019,Summer,Dec 2018–Feb 2019,64
245,5642.02015625,2019,Summer,Dec 2018–Feb 2019,64
250,5651.91875,2019,Summer,Dec 2018–Feb 2019,64
255,5648.65234375,2019,Summer,Dec 2018–Feb 2019,64
260,5666.36453125,2019,Summer,Dec 2018–Feb 2019,64
265,5658.6034375,2019,Summer,Dec 2018–Feb 2019,64
270,5679.8746875,2019,Summer,Dec 2018–Feb 2019,64
275,5678.9325,2019,Summer,Dec 2018–Feb 2019,64
280,5689.871875,2019,Summer,Dec 2018–Feb 2019,64
285,5698.4018750000005,2019,Summer,Dec 2018–Feb 2019,64
290,5709.86921875,2019,Summer,Dec 2018–Feb 2019,64
295,5714.4334375,2019,Summer,Dec 2018–Feb 2019,64
300,5741.72015625,2019,Summer,Dec 2018–Feb 2019,64
305,5775.2790625,2019,Summer,Dec 2018–Feb 2019,64
310,5819.1940625,2019,Summer,Dec 2018–Feb 2019,64
315,5829.74578125,2019,Summer,Dec 2018–Feb 2019,64
320,5851.345625,2019,Summer,Dec 2018–Feb 2019,64
325,5850.2859375,2019,Summer,Dec 2018–Feb 2019,64
330,5879.50328125,2019,Summer,Dec 2018–Feb 2019,64
335,5898.7371875,2019,Summer,Dec 2018–Feb 2019,64
340,5927.056875,2019,Summer,Dec 2018–Feb 2019,64
345,5947.64046875,2019,Summer,Dec 2018–Feb 2019,64
350,5963.6178125,2019,Summer,Dec 2018–Feb 2019,64
355,5980.070625,2019,Summer,Dec 2018–Feb 2019,64
360,6026.34828125,2019,Summer,Dec 2018–Feb 2019,64
365,6090.2475,2019,Summer,Dec 2018–Feb 2019,64
370,6154.9640625,2019,Summer,Dec 2018–Feb 2019,64
375,6204.04953125,2019,Summer,Dec 2018–Feb 2019,64
380,6221.82640625,2019,Summer,Dec 2018–Feb 2019,64
385,6257.7003125,2019,Summer,Dec 2018–Feb 2019,64
390,6304.014375,2019,Summer,Dec 2018–Feb 2019,64
395,6348.6001562500005,2019,Summer,Dec 2018–Feb 2019,64
400,6373.98359375,2019,Summer,Dec 2018–Feb 2019,64
405,6395.72796875,2019,Summer,Dec 2018–Feb 2019,64
410,6416.8853125,2019,Summer,Dec 2018–Feb 2019,64
415,6450.9446875,2019,Summer,Dec 2018–Feb 2019,64
420,6492.81734375,2019,Summer,Dec 2018–Feb 2019,64
425,6561.6103125,2019,Summer,Dec 2018–Feb 2019,64
430,6602.99328125,2019,Summer,Dec 2018–Feb 2019,64
435,6624.19546875,2019,Summer,Dec 2018–Feb 2019,64
440,6622.48203125,2019,Summer,Dec 2018–Feb 2019,64
445,6647.11921875,2019,Summer,Dec 2018–Feb 2019,64
450,6660.9015625,2019,Summer,Dec 2018–Feb 2019,64
455,6671.8278125,2019,Summer,Dec 2018–Feb 2019,64
460,6686.1296875,2019,Summer,Dec 2018–Feb 2019,64
465,6703.18203125,2019,Summer,Dec 2018–Feb 2019,64
470,6692.195,2019,Summer,Dec 2018–Feb 2019,64
475,6714.8059375,2019,Summer,Dec 2018–Feb 2019,64
480,6725.78921875,2019,Summer,Dec 2018–Feb 2019,64
485,6747.275625,2019,Summer,Dec 2018–Feb 2019,64
490,6766.9503125,2019,Summer,Dec 2018–Feb 2019,64
495,6763.1665625,2019,Summer,Dec 2018–Feb 2019,64
500,6763.64046875,2019,Summer,Dec 2018–Feb 2019,64
505,6772.6371875,2019,Summer,Dec 2018–Feb 2019,64
510,6772.52890625,2019,Summer,Dec 2018–Feb 2019,64
515,6764.30578125,2019,Summer,Dec 2018–Feb 2019,64
520,6791.27453125,2019,Summer,Dec 2018–Feb 2019,64
525,6784.59609375,2019,Summer,Dec 2018–Feb 2019,64
530,6782.5653125,2019,Summer,Dec 2018–Feb 2019,64
535,6787.3590625,2019,Summer,Dec 2018–Feb 2019,64
540,6780.3109375,2019,Summer,Dec 2018–Feb 2019,64
545,6789.2540625,2019,Summer,Dec 2018–Feb 2019,64
550,6800.009375,2019,Summer,Dec 2018–Feb 2019,64
555,6796.8753125,2019,Summer,Dec 2018–Feb 2019,64
560,6793.24921875,2019,Summer,Dec 2018–Feb 2019,64
565,6789.53703125,2019,Summer,Dec 2018–Feb 2019,64
570,6785.81078125,2019,Summer,Dec 2018–Feb 2019,64
575,6780.9384375,2019,Summer,Dec 2018–Feb 2019,64
580,6790.3940625,2019,Summer,Dec 2018–Feb 2019,64
585,6780.81875,2019,Summer,Dec 2018–Feb 2019,64
590,6768.06,2019,Summer,Dec 2018–Feb 2019,64
595,6778.17640625,2019,Summer,Dec 2018–Feb 2019,64
600,6781.80625,2019,Summer,Dec 2018–Feb 2019,64
605,6786.80984375,2019,Summer,Dec 2018–Feb 2019,64
610,6796.79828125,2019,Summer,Dec 2018–Feb 2019,64
615,6805.49015625,2019,Summer,Dec 2018–Feb 2019,64
620,6795.82296875,2019,Summer,Dec 2018–Feb 2019,64
625,6800.29203125,2019,Summer,Dec 2018–Feb 2019,64
630,6799.1584375,2019,Summer,Dec 2018–Feb 2019,64
635,6802.7465625,2019,Summer,Dec 2018–Feb 2019,64
640,6807.08953125,2019,Summer,Dec 2018–Feb 2019,64
645,6805.06421875,2019,Summer,Dec 2018–Feb 2019,64
650,6799.56875,2019,Summer,Dec 2018–Feb 2019,64
655,6808.1590625,2019,Summer,Dec 2018–Feb 2019,64
660,6801.94109375,2019,Summer,Dec 2018–Feb 2019,64
665,6812.615625,2019,Summer,Dec 2018–Feb 2019,64
670,6831.1010937500005,2019,Summer,Dec 2018–Feb 2019,64
675,6827.38765625,2019,Summer,Dec 2018–Feb 2019,64
680,6828.4703125,2019,Summer,Dec 2018–Feb 2019,64
685,6835.5696875,2019,Summer,Dec 2018–Feb 2019,64
690,6825.0825,2019,Summer,Dec 2018–Feb 2019,64
695,6847.4640625,2019,Summer,Dec 2018–Feb 2019,64
700,6867.70125,2019,Summer,Dec 2018–Feb 2019,64
705,6873.75109375,2019,Summer,Dec 2018–Feb 2019,64
710,6885.11171875,2019,Summer,Dec 2018–Feb 2019,64
715,6888.170625,2019,Summer,Dec 2018–Feb 2019,64
720,6887.78625,2019,Summer,Dec 2018–Feb 2019,64
725,6903.18125,2019,Summer,Dec 2018–Feb 2019,64
730,6924.01015625,2019,Summer,Dec 2018–Feb 2019,64
735,6935.0765625,2019,Summer,Dec 2018–Feb 2019,64
740,6945.93328125,2019,Summer,Dec 2018–Feb 2019,64
745,6939.9921875,2019,Summer,Dec 2018–Feb 2019,64
750,6962.73046875,2019,Summer,Dec 2018–Feb 2019,64
755,6967.52515625,2019,Summer,Dec 2018–Feb 2019,64
760,6986.65171875,2019,Summer,Dec 2018–Feb 2019,64
765,7003.57640625,2019,Summer,Dec 2018–Feb 2019,64
770,7010.56078125,2019,Summer,Dec 2018–Feb 2019,64
775,7018.99203125,2019,Summer,Dec 2018–Feb 2019,64
780,7036.025,2019,Summer,Dec 2018–Feb 2019,64
785,7057.5775,2019,Summer,Dec 2018–Feb 2019,64
790,7075.6365625,2019,Summer,Dec 2018–Feb 2019,64
795,7096.191875,2019,Summer,Dec 2018–Feb 2019,64
800,7112.0896875,2019,Summer,Dec 2018–Feb 2019,64
805,7112.81046875,2019,Summer,Dec 2018–Feb 2019,64
810,7133.716875,2019,Summer,Dec 2018–Feb 2019,64
815,7161.6890625,2019,Summer,Dec 2018–Feb 2019,64
820,7176.3465625,2019,Summer,Dec 2018–Feb 2019,64
825,7201.43953125,2019,Summer,Dec 2018–Feb 2019,64
830,7222.42890625,2019,Summer,Dec 2018–Feb 2019,64
835,7222.52875,2019,Summer,Dec 2018–Feb 2019,64
840,7247.42546875,2019,Summer,Dec 2018–Feb 2019,64
845,7258.01953125,2019,Summer,Dec 2018–Feb 2019,64
850,7276.77390625,2019,Summer,Dec 2018–Feb 2019,64
855,7308.18140625,2019,Summer,Dec 2018–Feb 2019,64
860,7316.93296875,2019,Summer,Dec 2018–Feb 2019,64
865,7325.324375,2019,Summer,Dec 2018–Feb 2019,64
870,7350.4282812500005,2019,Summer,Dec 2018–Feb 2019,64
875,7349.20046875,2019,Summer,Dec 2018–Feb 2019,64
880,7384.048125,2019,Summer,Dec 2018–Feb 2019,64
885,7397.46875,2019,Summer,Dec 2018–Feb 2019,64
890,7408.88140625,2019,Summer,Dec 2018–Feb 2019,64
895,7427.20140625,2019,Summer,Dec 2018–Feb 2019,64
900,7435.86703125,2019,Summer,Dec 2018–Feb 2019,64
905,7453.98125,2019,Summer,Dec 2018–Feb 2019,64
910,7485.55984375,2019,Summer,Dec 2018–Feb 2019,64
915,7509.33921875,2019,Summer,Dec 2018–Feb 2019,64
920,7532.85625,2019,Summer,Dec 2018–Feb 2019,64
925,7572.22140625,2019,Summer,Dec 2018–Feb 2019,64
930,7590.23125,2019,Summer,Dec 2018–Feb 2019,64
935,7623.21421875,2019,Summer,Dec 2018–Feb 2019,64
940,7641.87875,2019,Summer,Dec 2018–Feb 2019,64
945,7677.27546875,2019,Summer,Dec 2018–Feb 2019,64
950,7693.205,2019,Summer,Dec 2018–Feb 2019,64
955,7724.7528125,2019,Summer,Dec 2018–Feb 2019,64
960,7737.41484375,2019,Summer,Dec 2018–Feb 2019,64
965,7766.8434375,2019,Summer,Dec 2018–Feb 2019,64
970,7792.3965625,2019,Summer,Dec 2018–Feb 2019,64
975,7822.77671875,2019,Summer,Dec 2018–Feb 2019,64
980,7843.21390625,2019,Summer,Dec 2018–Feb 2019,64
985,7867.92171875,2019,Summer,Dec 2018–Feb 2019,64
990,7890.534375,2019,Summer,Dec 2018–Feb 2019,64
995,7920.63734375,2019,Summer,Dec 2018–Feb 2019,64
1000,7930.30984375,2019,Summer,Dec 2018–Feb 2019,64
1005,7961.90046875,2019,Summer,Dec 2018–Feb 2019,64
1010,7987.2034375,2019,Summer,Dec 2018–Feb 2019,64
1015,8011.4421875,2019,Summer,Dec 2018–Feb 2019,64
1020,8023.25421875,2019,Summer,Dec 2018–Feb 2019,64
1025,8013.993125,2019,Summer,Dec 2018–Feb 2019,64
1030,8025.0875,2019,Summer,Dec 2018–Feb 2019,64
1035,7989.07953125,2019,Summer,Dec 2018–Feb 2019,64
1040,7986.40890625,2019,Summer,Dec 2018–Feb 2019,64
1045,7988.15234375,2019,Summer,Dec 2018–Feb 2019,64
1050,8016.46796875,2019,Summer,Dec 2018–Feb 2019,64
1055,8017.5234375,2019,Summer,Dec 2018–Feb 2019,64
1060,8012.4471875,2019,Summer,Dec 2018–Feb 2019,64
1065,8003.20328125,2019,Summer,Dec 2018–Feb 2019,64
1070,7994.4640625,2019,Summer,Dec 2018–Feb 2019,64
1075,7985.548125,2019,Summer,Dec 2018–Feb 2019,64
1080,7979.47828125,2019,Summer,Dec 2018–Feb 2019,64
1085,7943.0092187499995,2019,Summer,Dec 2018–Feb 2019,64
1090,7935.36890625,2019,Summer,Dec 2018–Feb 2019,64
1095,7932.04046875,2019,Summer,Dec 2018–Feb 2019,64
1100,7940.99859375,2019,Summer,Dec 2018–Feb 2019,64
1105,7948.185,2019,Summer,Dec 2018–Feb 2019,64
1110,7937.93765625,2019,Summer,Dec 2018–Feb 2019,64
1115,8014.525625,2019,Summer,Dec 2018–Feb 2019,64
1120,8055.335625,2019,Summer,Dec 2018–Feb 2019,64
1125,8032.17703125,2019,Summer,Dec 2018–Feb 2019,64
1130,8025.831875,2019,Summer,Dec 2018–Feb 2019,64
1135,8017.39953125,2019,Summer,Dec 2018–Feb 2019,64
1140,8018.65453125,2019,Summer,Dec 2018–Feb 2019,64
1145,8076.82125,2019,Summer,Dec 2018–Feb 2019,64
1150,8066.4671875,2019,Summer,Dec 2018–Feb 2019,64
1155,8027.97109375,2019,Summer,Dec 2018–Feb 2019,64
1160,8006.5971875,2019,Summer,Dec 2018–Feb 2019,64
1165,7966.33953125,2019,Summer,Dec 2018–Feb 2019,64
1170,7938.86171875,2019,Summer,Dec 2018–Feb 2019,64
1175,7994.4846875,2019,Summer,Dec 2018–Feb 2019,64
1180,8004.63734375,2019,Summer,Dec 2018–Feb 2019,64
1185,7932.308125,2019,Summer,Dec 2018–Feb 2019,64
1190,7957.2003125,2019,Summer,Dec 2018–Feb 2019,64
1195,7903.708125,2019,Summer,Dec 2018–Feb 2019,64
1200,7854.02296875,2019,Summer,Dec 2018–Feb 2019,64
1205,7877.15109375,2019,Summer,Dec 2018–Feb 2019,64
1210,7846.8990625,2019,Summer,Dec 2018–Feb 2019,64
1215,7781.1728125,2019,Summer,Dec 2018–Feb 2019,64
1220,7707.24125,2019,Summer,Dec 2018–Feb 2019,64
1225,7696.0690625,2019,Summer,Dec 2018–Feb 2019,64
1230,7651.86328125,2019,Summer,Dec 2018–Feb 2019,64
1235,7593.47640625,2019,Summer,Dec 2018–Feb 2019,64
1240,7553.984375,2019,Summer,Dec 2018–Feb 2019,64
1245,7579.18296875,2019,Summer,Dec 2018–Feb 2019,64
1250,7535.5134375,2019,Summer,Dec 2018–Feb 2019,64
1255,7460.6001562500005,2019,Summer,Dec 2018–Feb 2019,64
1260,7405.29453125,2019,Summer,Dec 2018–Feb 2019,64
1265,7373.3970312500005,2019,Summer,Dec 2018–Feb 2019,64
1270,7377.065625,2019,Summer,Dec 2018–Feb 2019,64
1275,7368.8471875,2019,Summer,Dec 2018–Feb 2019,64
1280,7335.738125,2019,Summer,Dec 2018–Feb 2019,64
1285,7280.81,2019,Summer,Dec 2018–Feb 2019,64
1290,7216.8071875,2019,Summer,Dec 2018–Feb 2019,64
1295,7210.33046875,2019,Summer,Dec 2018–Feb 2019,64
1300,7176.20828125,2019,Summer,Dec 2018–Feb 2019,64
1305,7108.70453125,2019,Summer,Dec 2018–Feb 2019,64
1310,7072.73046875,2019,Summer,Dec 2018–Feb 2019,64
1315,6998.57578125,2019,Summer,Dec 2018–Feb 2019,64
1320,6942.1740625,2019,Summer,Dec 2018–Feb 2019,64
1325,6977.79921875,2019,Summer,Dec 2018–Feb 2019,64
1330,6963.32703125,2019,Summer,Dec 2018–Feb 2019,64
1335,6900.3171875,2019,Summer,Dec 2018–Feb 2019,64
1340,6884.32671875,2019,Summer,Dec 2018–Feb 2019,64
1345,6853.6440625,2019,Summer,Dec 2018–Feb 2019,64
1350,6856.66734375,2019,Summer,Dec 2018–Feb 2019,64
1355,6830.09234375,2019,Summer,Dec 2018–Feb 2019,64
1360,6815.8621875,2019,Summer,Dec 2018–Feb 2019,64
1365,6773.28921875,2019,Summer,Dec 2018–Feb 2019,64
1370,6723.8171875,2019,Summer,Dec 2018–Feb 2019,64
1375,6658.67953125,2019,Summer,Dec 2018–Feb 2019,64
1380,6607.1434375,2019,Summer,Dec 2018–Feb 2019,64
1385,6546.48203125,2019,Summer,Dec 2018–Feb 2019,64
1390,6522.44796875,2019,Summer,Dec 2018–Feb 2019,64
1395,6497.6759375,2019,Summer,Dec 2018–Feb 2019,64
1400,6458.32078125,2019,Summer,Dec 2018–Feb 2019,64
1405,6401.20921875,2019,Summer,Dec 2018–Feb 2019,64
1410,6356.430625,2019,Summer,Dec 2018–Feb 2019,64
1415,6327.775,2019,Summer,Dec 2018–Feb 2019,64
1420,6281.1940625,2019,Summer,Dec 2018–Feb 2019,64
1425,6239.30828125,2019,Summer,Dec 2018–Feb 2019,64
1430,6209.190625,2019,Summer,Dec 2018–Feb 2019,64
1435,6151.9821875,2019,Summer,Dec 2018–Feb 2019,64
0,5632.976769230769,2019,Winter,Jun–Aug 2019,65
5,5598.045692307693,2019,Winter,Jun–Aug 2019,65
10,5587.215384615384,2019,Winter,Jun–Aug 2019,65
15,5550.889076923077,2019,Winter,Jun–Aug 2019,65
20,5511.035538461539,2019,Winter,Jun–Aug 2019,65
25,5485.145692307692,2019,Winter,Jun–Aug 2019,65
30,5450.421692307692,2019,Winter,Jun–Aug 2019,65
35,5418.903076923077,2019,Winter,Jun–Aug 2019,65
40,5417.414923076923,2019,Winter,Jun–Aug 2019,65
45,5393.141384615385,2019,Winter,Jun–Aug 2019,65
50,5360.740923076923,2019,Winter,Jun–Aug 2019,65
55,5334.938153846154,2019,Winter,Jun–Aug 2019,65
60,5312.554769230769,2019,Winter,Jun–Aug 2019,65
65,5294.31676923077,2019,Winter,Jun–Aug 2019,65
70,5292.084615384615,2019,Winter,Jun–Aug 2019,65
75,5270.078461538461,2019,Winter,Jun–Aug 2019,65
80,5253.416153846154,2019,Winter,Jun–Aug 2019,65
85,5238.786923076924,2019,Winter,Jun–Aug 2019,65
90,5222.953076923077,2019,Winter,Jun–Aug 2019,65
95,5204.281076923077,2019,Winter,Jun–Aug 2019,65
100,5205.361538461539,2019,Winter,Jun–Aug 2019,65
105,5192.228615384615,2019,Winter,Jun–Aug 2019,65
110,5178.346769230769,2019,Winter,Jun–Aug 2019,65
115,5165.922307692308,2019,Winter,Jun–Aug 2019,65
120,5158.706923076923,2019,Winter,Jun–Aug 2019,65
125,5147.410461538461,2019,Winter,Jun–Aug 2019,65
130,5152.403076923077,2019,Winter,Jun–Aug 2019,65
135,5140.899230769231,2019,Winter,Jun–Aug 2019,65
140,5128.174153846154,2019,Winter,Jun–Aug 2019,65
145,5121.925384615385,2019,Winter,Jun–Aug 2019,65
150,5114.472615384615,2019,Winter,Jun–Aug 2019,65
155,5108.540153846154,2019,Winter,Jun–Aug 2019,65
160,5102.79076923077,2019,Winter,Jun–Aug 2019,65
165,5102.406,2019,Winter,Jun–Aug 2019,65
170,5097.425846153846,2019,Winter,Jun–Aug 2019,65
175,5097.793538461538,2019,Winter,Jun–Aug 2019,65
180,5096.981230769231,2019,Winter,Jun–Aug 2019,65
185,5097.045230769231,2019,Winter,Jun–Aug 2019,65
190,5105.974153846154,2019,Winter,Jun–Aug 2019,65
195,5103.836923076923,2019,Winter,Jun–Aug 2019,65
200,5108.974769230769,2019,Winter,Jun–Aug 2019,65
205,5103.806307692307,2019,Winter,Jun–Aug 2019,65
210,5101.008000000001,2019,Winter,Jun–Aug 2019,65
215,5104.968153846154,2019,Winter,Jun–Aug 2019,65
220,5107.318461538462,2019,Winter,Jun–Aug 2019,65
225,5112.08923076923,2019,Winter,Jun–Aug 2019,65
230,5108.760461538462,2019,Winter,Jun–Aug 2019,65
235,5124.1352307692305,2019,Winter,Jun–Aug 2019,65
240,5131.847846153846,2019,Winter,Jun–Aug 2019,65
245,5155.543538461538,2019,Winter,Jun–Aug 2019,65
250,5172.319230769231,2019,Winter,Jun–Aug 2019,65
255,5197.509538461539,2019,Winter,Jun–Aug 2019,65
260,5204.906923076924,2019,Winter,Jun–Aug 2019,65
265,5221.959846153846,2019,Winter,Jun–Aug 2019,65
270,5230.197538461539,2019,Winter,Jun–Aug 2019,65
275,5248.55923076923,2019,Winter,Jun–Aug 2019,65
280,5277.522461538462,2019,Winter,Jun–Aug 2019,65
285,5298.966153846153,2019,Winter,Jun–Aug 2019,65
290,5322.9110769230765,2019,Winter,Jun–Aug 2019,65
295,5360.332615384616,2019,Winter,Jun–Aug 2019,65
300,5384.784307692307,2019,Winter,Jun–Aug 2019,65
305,5445.468153846154,2019,Winter,Jun–Aug 2019,65
310,5516.488923076923,2019,Winter,Jun–Aug 2019,65
315,5542.498153846154,2019,Winter,Jun–Aug 2019,65
320,5583.679538461538,2019,Winter,Jun–Aug 2019,65
325,5623.818923076923,2019,Winter,Jun–Aug 2019,65
330,5668.7284615384615,2019,Winter,Jun–Aug 2019,65
335,5717.422153846154,2019,Winter,Jun–Aug 2019,65
340,5765.652923076923,2019,Winter,Jun–Aug 2019,65
345,5803.479230769231,2019,Winter,Jun–Aug 2019,65
350,5852.26276923077,2019,Winter,Jun–Aug 2019,65
355,5912.213230769231,2019,Winter,Jun–Aug 2019,65
360,5996.164153846154,2019,Winter,Jun–Aug 2019,65
365,6082.687538461539,2019,Winter,Jun–Aug 2019,65
370,6186.402307692308,2019,Winter,Jun–Aug 2019,65
375,6259.594615384616,2019,Winter,Jun–Aug 2019,65
380,6310.899538461539,2019,Winter,Jun–Aug 2019,65
385,6383.652769230769,2019,Winter,Jun–Aug 2019,65
390,6450.845384615385,2019,Winter,Jun–Aug 2019,65
395,6520.8396923076925,2019,Winter,Jun–Aug 2019,65
400,6578.622461538462,2019,Winter,Jun–Aug 2019,65
405,6635.699538461538,2019,Winter,Jun–Aug 2019,65
410,6668.278307692308,2019,Winter,Jun–Aug 2019,65
415,6726.749384615385,2019,Winter,Jun–Aug 2019,65
420,6768.617538461539,2019,Winter,Jun–Aug 2019,65
425,6841.386,2019,Winter,Jun–Aug 2019,65
430,6883.642307692307,2019,Winter,Jun–Aug 2019,65
435,6903.389538461539,2019,Winter,Jun–Aug 2019,65
440,6890.230923076923,2019,Winter,Jun–Aug 2019,65
445,6895.199384615385,2019,Winter,Jun–Aug 2019,65
450,6882.212,2019,Winter,Jun–Aug 2019,65
455,6858.653846153846,2019,Winter,Jun–Aug 2019,65
460,6841.452153846154,2019,Winter,Jun–Aug 2019,65
465,6810.302153846154,2019,Winter,Jun–Aug 2019,65
470,6759.7449230769225,2019,Winter,Jun–Aug 2019,65
475,6720.765384615384,2019,Winter,Jun–Aug 2019,65
480,6674.125384615385,2019,Winter,Jun–Aug 2019,65
485,6637.907538461538,2019,Winter,Jun–Aug 2019,65
490,6594.286153846154,2019,Winter,Jun–Aug 2019,65
495,6533.090307692308,2019,Winter,Jun–Aug 2019,65
500,6470.3138461538465,2019,Winter,Jun–Aug 2019,65
505,6432.183538461539,2019,Winter,Jun–Aug 2019,65
510,6376.6,2019,Winter,Jun–Aug 2019,65
515,6314.224923076923,2019,Winter,Jun–Aug 2019,65
520,6288.751692307692,2019,Winter,Jun–Aug 2019,65
525,6235.7449230769225,2019,Winter,Jun–Aug 2019,65
530,6190.408615384616,2019,Winter,Jun–Aug 2019,65
535,6146.384769230769,2019,Winter,Jun–Aug 2019,65
540,6111.916615384615,2019,Winter,Jun–Aug 2019,65
545,6071.821538461539,2019,Winter,Jun–Aug 2019,65
550,6042.597692307692,2019,Winter,Jun–Aug 2019,65
555,6016.326461538461,2019,Winter,Jun–Aug 2019,65
560,5952.711538461538,2019,Winter,Jun–Aug 2019,65
565,5917.576,2019,Winter,Jun–Aug 2019,65
570,5888.074615384615,2019,Winter,Jun–Aug 2019,65
575,5846.475076923077,2019,Winter,Jun–Aug 2019,65
580,5819.3852307692305,2019,Winter,Jun–Aug 2019,65
585,5781.79,2019,Winter,Jun–Aug 2019,65
590,5747.117538461539,2019,Winter,Jun–Aug 2019,65
595,5724.444615384616,2019,Winter,Jun–Aug 2019,65
600,5697.428615384615,2019,Winter,Jun–Aug 2019,65
605,5677.5810769230775,2019,Winter,Jun–Aug 2019,65
610,5650.407846153847,2019,Winter,Jun–Aug 2019,65
615,5621.182000000001,2019,Winter,Jun–Aug 2019,65
620,5580.424153846154,2019,Winter,Jun–Aug 2019,65
625,5574.509538461539,2019,Winter,Jun–Aug 2019,65
630,5550.4949230769225,2019,Winter,Jun–Aug 2019,65
635,5542.176,2019,Winter,Jun–Aug 2019,65
640,5526.052615384615,2019,Winter,Jun–Aug 2019,65
645,5507.79123076923,2019,Winter,Jun–Aug 2019,65
650,5491.697076923077,2019,Winter,Jun–Aug 2019,65
655,5479.829384615384,2019,Winter,Jun–Aug 2019,65
660,5458.408923076923,2019,Winter,Jun–Aug 2019,65
665,5446.676461538461,2019,Winter,Jun–Aug 2019,65
670,5451.683076923077,2019,Winter,Jun–Aug 2019,65
675,5433.322769230769,2019,Winter,Jun–Aug 2019,65
680,5426.133692307692,2019,Winter,Jun–Aug 2019,65
685,5414.080615384615,2019,Winter,Jun–Aug 2019,65
690,5401.111846153846,2019,Winter,Jun–Aug 2019,65
695,5399.388,2019,Winter,Jun–Aug 2019,65
700,5400.193846153846,2019,Winter,Jun–Aug 2019,65
705,5397.932461538461,2019,Winter,Jun–Aug 2019,65
710,5393.440923076922,2019,Winter,Jun–Aug 2019,65
715,5390.291384615384,2019,Winter,Jun–Aug 2019,65
720,5375.077230769231,2019,Winter,Jun–Aug 2019,65
725,5378.904,2019,Winter,Jun–Aug 2019,65
730,5383.258615384615,2019,Winter,Jun–Aug 2019,65
735,5386.656307692308,2019,Winter,Jun–Aug 2019,65
740,5381.202769230769,2019,Winter,Jun–Aug 2019,65
745,5385.613538461538,2019,Winter,Jun–Aug 2019,65
750,5388.508307692307,2019,Winter,Jun–Aug 2019,65
755,5392.087076923077,2019,Winter,Jun–Aug 2019,65
760,5415.571846153846,2019,Winter,Jun–Aug 2019,65
765,5415.502923076923,2019,Winter,Jun–Aug 2019,65
770,5419.391538461538,2019,Winter,Jun–Aug 2019,65
775,5422.910923076924,2019,Winter,Jun–Aug 2019,65
780,5428.724153846154,2019,Winter,Jun–Aug 2019,65
785,5436.410000000001,2019,Winter,Jun–Aug 2019,65
790,5468.866,2019,Winter,Jun–Aug 2019,65
795,5481.726615384615,2019,Winter,Jun–Aug 2019,65
800,5483.724923076923,2019,Winter,Jun–Aug 2019,65
805,5503.729076923077,2019,Winter,Jun–Aug 2019,65
810,5499.095538461539,2019,Winter,Jun–Aug 2019,65
815,5526.317999999999,2019,Winter,Jun–Aug 2019,65
820,5546.131384615384,2019,Winter,Jun–Aug 2019,65
825,5566.876923076923,2019,Winter,Jun–Aug 2019,65
830,5576.3287692307695,2019,Winter,Jun–Aug 2019,65
835,5588.680769230769,2019,Winter,Jun–Aug 2019,65
840,5596.051692307692,2019,Winter,Jun–Aug 2019,65
845,5619.226769230769,2019,Winter,Jun–Aug 2019,65
850,5644.606461538461,2019,Winter,Jun–Aug 2019,65
855,5675.272615384615,2019,Winter,Jun–Aug 2019,65
860,5681.888923076923,2019,Winter,Jun–Aug 2019,65
865,5708.222,2019,Winter,Jun–Aug 2019,65
870,5722.244,2019,Winter,Jun–Aug 2019,65
875,5742.888,2019,Winter,Jun–Aug 2019,65
880,5775.475384615385,2019,Winter,Jun–Aug 2019,65
885,5785.939692307693,2019,Winter,Jun–Aug 2019,65
890,5796.349692307692,2019,Winter,Jun–Aug 2019,65
895,5825.465076923077,2019,Winter,Jun–Aug 2019,65
900,5834.094153846154,2019,Winter,Jun–Aug 2019,65
905,5855.917692307693,2019,Winter,Jun–Aug 2019,65
910,5891.650153846154,2019,Winter,Jun–Aug 2019,65
915,5927.805846153846,2019,Winter,Jun–Aug 2019,65
920,5950.428307692308,2019,Winter,Jun–Aug 2019,65
925,5990.43676923077,2019,Winter,Jun–Aug 2019,65
930,6025.2026153846155,2019,Winter,Jun–Aug 2019,65
935,6068.057076923077,2019,Winter,Jun–Aug 2019,65
940,6101.594,2019,Winter,Jun–Aug 2019,65
945,6148.281384615384,2019,Winter,Jun–Aug 2019,65
950,6174.910615384615,2019,Winter,Jun–Aug 2019,65
955,6224.1633846153845,2019,Winter,Jun–Aug 2019,65
960,6256.1,2019,Winter,Jun–Aug 2019,65
965,6301.474153846154,2019,Winter,Jun–Aug 2019,65
970,6341.185692307692,2019,Winter,Jun–Aug 2019,65
975,6387.667230769231,2019,Winter,Jun–Aug 2019,65
980,6426.474461538462,2019,Winter,Jun–Aug 2019,65
985,6491.172769230769,2019,Winter,Jun–Aug 2019,65
990,6535.893692307692,2019,Winter,Jun–Aug 2019,65
995,6592.226307692308,2019,Winter,Jun–Aug 2019,65
1000,6645.548,2019,Winter,Jun–Aug 2019,65
1005,6699.155692307692,2019,Winter,Jun–Aug 2019,65
1010,6745.034000000001,2019,Winter,Jun–Aug 2019,65
1015,6791.483846153847,2019,Winter,Jun–Aug 2019,65
1020,6862.766153846153,2019,Winter,Jun–Aug 2019,65
1025,6900.832769230769,2019,Winter,Jun–Aug 2019,65
1030,6974.982153846155,2019,Winter,Jun–Aug 2019,65
1035,6971.923384615385,2019,Winter,Jun–Aug 2019,65
1040,7027.446923076923,2019,Winter,Jun–Aug 2019,65
1045,7067.971692307692,2019,Winter,Jun–Aug 2019,65
1050,7118.466769230769,2019,Winter,Jun–Aug 2019,65
1055,7159.143384615385,2019,Winter,Jun–Aug 2019,65
1060,7211.023076923077,2019,Winter,Jun–Aug 2019,65
1065,7238.25,2019,Winter,Jun–Aug 2019,65
1070,7269.043230769231,2019,Winter,Jun–Aug 2019,65
1075,7283.276923076923,2019,Winter,Jun–Aug 2019,65
1080,7298.960923076924,2019,Winter,Jun–Aug 2019,65
1085,7292.912461538462,2019,Winter,Jun–Aug 2019,65
1090,7302.025846153846,2019,Winter,Jun–Aug 2019,65
1095,7317.338153846154,2019,Winter,Jun–Aug 2019,65
1100,7315.826923076923,2019,Winter,Jun–Aug 2019,65
1105,7327.766153846153,2019,Winter,Jun–Aug 2019,65
1110,7305.292923076922,2019,Winter,Jun–Aug 2019,65
1115,7369.151538461538,2019,Winter,Jun–Aug 2019,65
1120,7387.435076923078,2019,Winter,Jun–Aug 2019,65
1125,7362.960307692308,2019,Winter,Jun–Aug 2019,65
1130,7325.871230769231,2019,Winter,Jun–Aug 2019,65
1135,7294.327538461538,2019,Winter,Jun–Aug 2019,65
1140,7257.994,2019,Winter,Jun–Aug 2019,65
1145,7282.935846153847,2019,Winter,Jun–Aug 2019,65
1150,7262.199846153846,2019,Winter,Jun–Aug 2019,65
1155,7225.000923076923,2019,Winter,Jun–Aug 2019,65
1160,7177.313538461539,2019,Winter,Jun–Aug 2019,65
1165,7150.476461538461,2019,Winter,Jun–Aug 2019,65
1170,7111.552769230769,2019,Winter,Jun–Aug 2019,65
1175,7164.171076923077,2019,Winter,Jun–Aug 2019,65
1180,7159.423230769231,2019,Winter,Jun–Aug 2019,65
1185,7111.084923076924,2019,Winter,Jun–Aug 2019,65
1190,7155.94,2019,Winter,Jun–Aug 2019,65
1195,7125.867846153846,2019,Winter,Jun–Aug 2019,65
1200,7075.826,2019,Winter,Jun–Aug 2019,65
1205,7133.587846153847,2019,Winter,Jun–Aug 2019,65
1210,7127.390769230769,2019,Winter,Jun–Aug 2019,65
1215,7073.498923076923,2019,Winter,Jun–Aug 2019,65
1220,7008.476769230769,2019,Winter,Jun–Aug 2019,65
1225,7018.315076923077,2019,Winter,Jun–Aug 2019,65
1230,6977.848461538462,2019,Winter,Jun–Aug 2019,65
1235,6938.773846153846,2019,Winter,Jun–Aug 2019,65
1240,6900.1069230769235,2019,Winter,Jun–Aug 2019,65
1245,6920.874,2019,Winter,Jun–Aug 2019,65
1250,6891.717538461538,2019,Winter,Jun–Aug 2019,65
1255,6828.875538461538,2019,Winter,Jun–Aug 2019,65
1260,6769.664615384616,2019,Winter,Jun–Aug 2019,65
1265,6750.611384615385,2019,Winter,Jun–Aug 2019,65
1270,6749.208307692307,2019,Winter,Jun–Aug 2019,65
1275,6751.381076923077,2019,Winter,Jun–Aug 2019,65
1280,6714.699230769231,2019,Winter,Jun–Aug 2019,65
1285,6652.182615384615,2019,Winter,Jun–Aug 2019,65
1290,6599.918,2019,Winter,Jun–Aug 2019,65
1295,6604.370769230769,2019,Winter,Jun–Aug 2019,65
1300,6578.441692307692,2019,Winter,Jun–Aug 2019,65
1305,6512.575076923077,2019,Winter,Jun–Aug 2019,65
1310,6475.954307692307,2019,Winter,Jun–Aug 2019,65
1315,6422.772461538462,2019,Winter,Jun–Aug 2019,65
1320,6377.266307692307,2019,Winter,Jun–Aug 2019,65
1325,6413.173538461538,2019,Winter,Jun–Aug 2019,65
1330,6394.641846153846,2019,Winter,Jun–Aug 2019,65
1335,6365.2,2019,Winter,Jun–Aug 2019,65
1340,6346.113846153847,2019,Winter,Jun–Aug 2019,65
1345,6331.971692307692,2019,Winter,Jun–Aug 2019,65
1350,6314.243076923077,2019,Winter,Jun–Aug 2019,65
1355,6305.478615384615,2019,Winter,Jun–Aug 2019,65
1360,6284.945384615385,2019,Winter,Jun–Aug 2019,65
1365,6246.273538461538,2019,Winter,Jun–Aug 2019,65
1370,6216.287076923077,2019,Winter,Jun–Aug 2019,65
1375,6145.992615384615,2019,Winter,Jun–Aug 2019,65
1380,6092.852153846154,2019,Winter,Jun–Aug 2019,65
1385,6065.629846153846,2019,Winter,Jun–Aug 2019,65
1390,6043.213384615385,2019,Winter,Jun–Aug 2019,65
1395,6031.184153846153,2019,Winter,Jun–Aug 2019,65
1400,5973.962923076923,2019,Winter,Jun–Aug 2019,65
1405,5933.799384615385,2019,Winter,Jun–Aug 2019,65
1410,5887.783230769231,2019,Winter,Jun–Aug 2019,65
1415,5854.114153846153,2019,Winter,Jun–Aug 2019,65
1420,5814.709076923077,2019,Winter,Jun–Aug 2019,65
1425,5772.2,2019,Winter,Jun–Aug 2019,65
1430,5724.127846153846,2019,Winter,Jun–Aug 2019,65
1435,5673.899076923077,2019,Winter,Jun–Aug 2019,65
