canonical_feature_name,data_type,source_dataset,btcn_channel,forecast_origin_availability,publication_latency,required_transformation,lag_or_sequence_position,missing_value_rule,available_in_deployment,include_full_ridge,include_btcn,ridge_representation,btcn_representation,leakage_status,contract_version
totaldemand_mw,numeric,AEMO DISPATCHREGIONSUM / engineered demand history,demand_history,latest closed demand interval or explicitly lagged history,AEMO five-minute operational cadence,Observed Queensland operational demand at forecast origin,t,never impute,yes,True,True,training-fitted median imputation and standardised scalar,numeric origin-aligned input in demand_history channel,forecast_safe,btcn_feature_contract_v1
demand_lag_5min,numeric,AEMO DISPATCHREGIONSUM / engineered demand history,demand_history,latest closed demand interval or explicitly lagged history,AEMO five-minute operational cadence,exact causal lag,t-5min,boundary missingness; training-fitted median if selected,yes,True,True,training-fitted median imputation and standardised scalar,numeric origin-aligned input in demand_history channel,forecast_safe,btcn_feature_contract_v1
demand_lag_15min,numeric,AEMO DISPATCHREGIONSUM / engineered demand history,demand_history,latest closed demand interval or explicitly lagged history,AEMO five-minute operational cadence,exact causal lag,t-15min,boundary missingness; training-fitted median if selected,yes,True,True,training-fitted median imputation and standardised scalar,numeric origin-aligned input in demand_history channel,forecast_safe,btcn_feature_contract_v1
demand_lag_30min,numeric,AEMO DISPATCHREGIONSUM / engineered demand history,demand_history,latest closed demand interval or explicitly lagged history,AEMO five-minute operational cadence,exact causal lag,t-30min,boundary missingness; training-fitted median if selected,yes,True,True,training-fitted median imputation and standardised scalar,numeric origin-aligned input in demand_history channel,forecast_safe,btcn_feature_contract_v1
demand_lag_1h,numeric,AEMO DISPATCHREGIONSUM / engineered demand history,demand_history,latest closed demand interval or explicitly lagged history,AEMO five-minute operational cadence,exact causal lag,t-1h,boundary missingness; training-fitted median if selected,yes,True,True,training-fitted median imputation and standardised scalar,numeric origin-aligned input in demand_history channel,forecast_safe,btcn_feature_contract_v1
demand_lag_2h,numeric,AEMO DISPATCHREGIONSUM / engineered demand history,demand_history,latest closed demand interval or explicitly lagged history,AEMO five-minute operational cadence,exact causal lag,t-2h,boundary missingness; training-fitted median if selected,yes,True,True,training-fitted median imputation and standardised scalar,numeric origin-aligned input in demand_history channel,forecast_safe,btcn_feature_contract_v1
demand_lag_6h,numeric,AEMO DISPATCHREGIONSUM / engineered demand history,demand_history,latest closed demand interval or explicitly lagged history,AEMO five-minute operational cadence,exact causal lag,t-6h,boundary missingness; training-fitted median if selected,yes,True,True,training-fitted median imputation and standardised scalar,numeric origin-aligned input in demand_history channel,forecast_safe,btcn_feature_contract_v1
demand_lag_12h,numeric,AEMO DISPATCHREGIONSUM / engineered demand history,demand_history,latest closed demand interval or explicitly lagged history,AEMO five-minute operational cadence,exact causal lag,t-12h,boundary missingness; training-fitted median if selected,yes,True,True,training-fitted median imputation and standardised scalar,numeric origin-aligned input in demand_history channel,forecast_safe,btcn_feature_contract_v1
demand_lag_24h,numeric,AEMO DISPATCHREGIONSUM / engineered demand history,demand_history,latest closed demand interval or explicitly lagged history,AEMO five-minute operational cadence,exact causal lag,t-24h,boundary missingness; training-fitted median if selected,yes,True,True,training-fitted median imputation and standardised scalar,numeric origin-aligned input in demand_history channel,forecast_safe,btcn_feature_contract_v1
demand_lag_48h,numeric,AEMO DISPATCHREGIONSUM / engineered demand history,demand_history,latest closed demand interval or explicitly lagged history,AEMO five-minute operational cadence,exact causal lag,t-48h,boundary missingness; training-fitted median if selected,yes,True,True,training-fitted median imputation and standardised scalar,numeric origin-aligned input in demand_history channel,forecast_safe,btcn_feature_contract_v1
demand_lag_7d,numeric,AEMO DISPATCHREGIONSUM / engineered demand history,demand_history,latest closed demand interval or explicitly lagged history,AEMO five-minute operational cadence,exact causal lag,t-7d,boundary missingness; training-fitted median if selected,yes,True,True,training-fitted median imputation and standardised scalar,numeric origin-aligned input in demand_history channel,forecast_safe,btcn_feature_contract_v1
demand_lag_14d,numeric,AEMO DISPATCHREGIONSUM / engineered demand history,demand_history,latest closed demand interval or explicitly lagged history,AEMO five-minute operational cadence,exact causal lag,t-14d,boundary missingness; training-fitted median if selected,yes,True,True,training-fitted median imputation and standardised scalar,numeric origin-aligned input in demand_history channel,forecast_safe,btcn_feature_contract_v1
demand_mean_1h,numeric,AEMO DISPATCHREGIONSUM / engineered demand history,demand_history,latest closed demand interval or explicitly lagged history,AEMO five-minute operational cadence,"shift one five-minute interval, then backward rolling statistic",window ending t-5min (1h),leading boundary missingness; training-fitted median,yes,True,True,training-fitted median imputation and standardised scalar,numeric origin-aligned input in demand_history channel,forecast_safe,btcn_feature_contract_v1
demand_std_1h,numeric,AEMO DISPATCHREGIONSUM / engineered demand history,demand_history,latest closed demand interval or explicitly lagged history,AEMO five-minute operational cadence,"shift one five-minute interval, then backward rolling statistic",window ending t-5min (1h),leading boundary missingness; training-fitted median,yes,True,True,training-fitted median imputation and standardised scalar,numeric origin-aligned input in demand_history channel,forecast_safe,btcn_feature_contract_v1
demand_mean_6h,numeric,AEMO DISPATCHREGIONSUM / engineered demand history,demand_history,latest closed demand interval or explicitly lagged history,AEMO five-minute operational cadence,"shift one five-minute interval, then backward rolling statistic",window ending t-5min (6h),leading boundary missingness; training-fitted median,yes,True,True,training-fitted median imputation and standardised scalar,numeric origin-aligned input in demand_history channel,forecast_safe,btcn_feature_contract_v1
demand_std_6h,numeric,AEMO DISPATCHREGIONSUM / engineered demand history,demand_history,latest closed demand interval or explicitly lagged history,AEMO five-minute operational cadence,"shift one five-minute interval, then backward rolling statistic",window ending t-5min (6h),leading boundary missingness; training-fitted median,yes,True,True,training-fitted median imputation and standardised scalar,numeric origin-aligned input in demand_history channel,forecast_safe,btcn_feature_contract_v1
demand_mean_24h,numeric,AEMO DISPATCHREGIONSUM / engineered demand history,demand_history,latest closed demand interval or explicitly lagged history,AEMO five-minute operational cadence,"shift one five-minute interval, then backward rolling statistic",window ending t-5min (24h),leading boundary missingness; training-fitted median,yes,True,True,training-fitted median imputation and standardised scalar,numeric origin-aligned input in demand_history channel,forecast_safe,btcn_feature_contract_v1
demand_std_24h,numeric,AEMO DISPATCHREGIONSUM / engineered demand history,demand_history,latest closed demand interval or explicitly lagged history,AEMO five-minute operational cadence,"shift one five-minute interval, then backward rolling statistic",window ending t-5min (24h),leading boundary missingness; training-fitted median,yes,True,True,training-fitted median imputation and standardised scalar,numeric origin-aligned input in demand_history channel,forecast_safe,btcn_feature_contract_v1
demand_mean_7d,numeric,AEMO DISPATCHREGIONSUM / engineered demand history,demand_history,latest closed demand interval or explicitly lagged history,AEMO five-minute operational cadence,"shift one five-minute interval, then backward rolling statistic",window ending t-5min (7d),leading boundary missingness; training-fitted median,yes,True,True,training-fitted median imputation and standardised scalar,numeric origin-aligned input in demand_history channel,forecast_safe,btcn_feature_contract_v1
demand_ramp_5min_lagged,numeric,AEMO DISPATCHREGIONSUM / engineered demand history,demand_history,latest closed demand interval or explicitly lagged history,AEMO five-minute operational cadence,backward difference shifted one five-minute interval,ends at t-5min,leading boundary missingness; training-fitted median,yes,True,True,training-fitted median imputation and standardised scalar,numeric origin-aligned input in demand_history channel,forecast_safe,btcn_feature_contract_v1
demand_ramp_15min_lagged,numeric,AEMO DISPATCHREGIONSUM / engineered demand history,demand_history,latest closed demand interval or explicitly lagged history,AEMO five-minute operational cadence,backward difference shifted one five-minute interval,ends at t-5min,leading boundary missingness; training-fitted median,yes,True,True,training-fitted median imputation and standardised scalar,numeric origin-aligned input in demand_history channel,forecast_safe,btcn_feature_contract_v1
demand_ramp_1h_lagged,numeric,AEMO DISPATCHREGIONSUM / engineered demand history,demand_history,latest closed demand interval or explicitly lagged history,AEMO five-minute operational cadence,backward difference shifted one five-minute interval,ends at t-5min,leading boundary missingness; training-fitted median,yes,True,True,training-fitted median imputation and standardised scalar,numeric origin-aligned input in demand_history channel,forecast_safe,btcn_feature_contract_v1
demand_ramp_volatility_1h,numeric,AEMO DISPATCHREGIONSUM / engineered demand history,demand_history,latest closed demand interval or explicitly lagged history,AEMO five-minute operational cadence,"five-minute difference, shift one interval, backward 1h rolling standard deviation",window ending t-5min,leading boundary missingness; training-fitted median,yes,True,True,training-fitted median imputation and standardised scalar,numeric origin-aligned input in demand_history channel,forecast_safe,btcn_feature_contract_v1
time_of_day_sin,numeric,Queensland calendar and deterministic timestamp engineering,calendar,known deterministically at forecast origin,zero once the official calendar is published,deterministic cyclical encoding,forecast-origin calendar position,none expected,yes,True,True,training-fitted median imputation and standardised scalar,numeric origin-aligned input in calendar channel,forecast_safe,btcn_feature_contract_v1
time_of_day_cos,numeric,Queensland calendar and deterministic timestamp engineering,calendar,known deterministically at forecast origin,zero once the official calendar is published,deterministic cyclical encoding,forecast-origin calendar position,none expected,yes,True,True,training-fitted median imputation and standardised scalar,numeric origin-aligned input in calendar channel,forecast_safe,btcn_feature_contract_v1
day_of_year_sin,numeric,Queensland calendar and deterministic timestamp engineering,calendar,known deterministically at forecast origin,zero once the official calendar is published,deterministic cyclical encoding,forecast-origin calendar position,none expected,yes,True,True,training-fitted median imputation and standardised scalar,numeric origin-aligned input in calendar channel,forecast_safe,btcn_feature_contract_v1
day_of_year_cos,numeric,Queensland calendar and deterministic timestamp engineering,calendar,known deterministically at forecast origin,zero once the official calendar is published,deterministic cyclical encoding,forecast-origin calendar position,none expected,yes,True,True,training-fitted median imputation and standardised scalar,numeric origin-aligned input in calendar channel,forecast_safe,btcn_feature_contract_v1
years_since_start,numeric,Queensland calendar and deterministic timestamp engineering,calendar,known deterministically at forecast origin,zero once the official calendar is published,canonical engineered value,forecast-origin scalar,training-fitted median,yes,True,True,training-fitted median imputation and standardised scalar,numeric origin-aligned input in calendar channel,forecast_safe,btcn_feature_contract_v1
dry_bulb_temp_lag_1h,numeric,Open-Meteo finalised historical weather / engineered hourly history,weather_history,past valid-time historical proxy,historical available_at and retrieval-vintage latency unresolved,exact causal lag,t-1h,boundary missingness; training-fitted median if selected,unresolved,True,True,training-fitted median imputation and standardised scalar,numeric origin-aligned input in weather_history channel,research_proxy_deployment_unresolved,btcn_feature_contract_v1
dry_bulb_temp_lag_3h,numeric,Open-Meteo finalised historical weather / engineered hourly history,weather_history,past valid-time historical proxy,historical available_at and retrieval-vintage latency unresolved,exact causal lag,t-3h,boundary missingness; training-fitted median if selected,unresolved,True,True,training-fitted median imputation and standardised scalar,numeric origin-aligned input in weather_history channel,research_proxy_deployment_unresolved,btcn_feature_contract_v1
dry_bulb_temp_lag_6h,numeric,Open-Meteo finalised historical weather / engineered hourly history,weather_history,past valid-time historical proxy,historical available_at and retrieval-vintage latency unresolved,exact causal lag,t-6h,boundary missingness; training-fitted median if selected,unresolved,True,True,training-fitted median imputation and standardised scalar,numeric origin-aligned input in weather_history channel,research_proxy_deployment_unresolved,btcn_feature_contract_v1
dry_bulb_temp_lag_24h,numeric,Open-Meteo finalised historical weather / engineered hourly history,weather_history,past valid-time historical proxy,historical available_at and retrieval-vintage latency unresolved,exact causal lag,t-24h,boundary missingness; training-fitted median if selected,unresolved,True,True,training-fitted median imputation and standardised scalar,numeric origin-aligned input in weather_history channel,research_proxy_deployment_unresolved,btcn_feature_contract_v1
dry_bulb_temp_mean_3h,numeric,Open-Meteo finalised historical weather / engineered hourly history,weather_history,past valid-time historical proxy,historical available_at and retrieval-vintage latency unresolved,"shift one native hour, then backward rolling mean",hourly window ending before t (3h),leading boundary missingness; training-fitted median,unresolved,True,True,training-fitted median imputation and standardised scalar,numeric origin-aligned input in weather_history channel,research_proxy_deployment_unresolved,btcn_feature_contract_v1
dry_bulb_temp_mean_24h,numeric,Open-Meteo finalised historical weather / engineered hourly history,weather_history,past valid-time historical proxy,historical available_at and retrieval-vintage latency unresolved,"shift one native hour, then backward rolling mean",hourly window ending before t (24h),leading boundary missingness; training-fitted median,unresolved,True,True,training-fitted median imputation and standardised scalar,numeric origin-aligned input in weather_history channel,research_proxy_deployment_unresolved,btcn_feature_contract_v1
observed_dry_bulb_temp_change_1h,numeric,Open-Meteo finalised historical weather / engineered hourly history,weather_history,past valid-time historical proxy,historical available_at and retrieval-vintage latency unresolved,"shift one native hour, then backward difference",strictly before t,leading boundary missingness; training-fitted median,unresolved,True,True,training-fitted median imputation and standardised scalar,numeric origin-aligned input in weather_history channel,research_proxy_deployment_unresolved,btcn_feature_contract_v1
observed_dry_bulb_temp_change_6h,numeric,Open-Meteo finalised historical weather / engineered hourly history,weather_history,past valid-time historical proxy,historical available_at and retrieval-vintage latency unresolved,"shift one native hour, then backward difference",strictly before t,leading boundary missingness; training-fitted median,unresolved,True,True,training-fitted median imputation and standardised scalar,numeric origin-aligned input in weather_history channel,research_proxy_deployment_unresolved,btcn_feature_contract_v1
availablegeneration_mw_lag_1,numeric,AEMO DISPATCHREGIONSUM,system_context,preceding dispatch interval,five-minute cadence confirmed; historical revision-safe as-of policy unresolved,canonical engineered value,forecast-origin scalar,training-fitted median,unresolved,True,True,training-fitted median imputation and standardised scalar,numeric origin-aligned input in system_context channel,research_proxy_deployment_unresolved,btcn_feature_contract_v1
total_solar_capacity_mw,numeric,Clean Energy Regulator capacity history,structural_context,latest publication-lagged capacity available by origin,source-specific monthly/annual publication delay,canonical engineered value,forecast-origin scalar,training-fitted median,yes,True,True,training-fitted median imputation and standardised scalar,numeric origin-aligned input in structural_context channel,forecast_safe,btcn_feature_contract_v1
total_wind_capacity_mw,numeric,Clean Energy Regulator capacity history,structural_context,latest publication-lagged capacity available by origin,source-specific monthly/annual publication delay,canonical engineered value,forecast-origin scalar,training-fitted median,yes,True,True,training-fitted median imputation and standardised scalar,numeric origin-aligned input in structural_context channel,forecast_safe,btcn_feature_contract_v1
total_qld_population,numeric,ABS Estimated Resident Population,structural_context,latest publication available by origin,30 June year Y ERP becomes usable 1 April Y+1,canonical engineered value,forecast-origin scalar,training-fitted median,yes,True,True,training-fitted median imputation and standardised scalar,numeric origin-aligned input in structural_context channel,forecast_safe,btcn_feature_contract_v1
solar_capacity_kw_per_capita,numeric,Clean Energy Regulator capacity history,structural_context,latest publication-lagged capacity available by origin,source-specific monthly/annual publication delay,canonical engineered value,forecast-origin scalar,training-fitted median,yes,True,True,training-fitted median imputation and standardised scalar,numeric origin-aligned input in structural_context channel,forecast_safe,btcn_feature_contract_v1
log_population,numeric,ABS Estimated Resident Population,structural_context,latest publication available by origin,30 June year Y ERP becomes usable 1 April Y+1,canonical engineered value,forecast-origin scalar,training-fitted median,yes,True,True,training-fitted median imputation and standardised scalar,numeric origin-aligned input in structural_context channel,forecast_safe,btcn_feature_contract_v1
soi_lag_1m,numeric,Bureau of Meteorology SOI history,climate_context,one-month-lagged value for selected predictors,exact historical SOI release latency unresolved,exact causal lag,t-1m,boundary missingness; training-fitted median if selected,unresolved,True,True,training-fitted median imputation and standardised scalar,numeric origin-aligned input in climate_context channel,research_proxy_deployment_unresolved,btcn_feature_contract_v1
soi_3m_mean_lag_1m,numeric,Bureau of Meteorology SOI history,climate_context,one-month-lagged value for selected predictors,exact historical SOI release latency unresolved,exact causal lag,t-1m,boundary missingness; training-fitted median if selected,unresolved,True,True,training-fitted median imputation and standardised scalar,numeric origin-aligned input in climate_context channel,research_proxy_deployment_unresolved,btcn_feature_contract_v1
is_weekend,binary,Queensland calendar and deterministic timestamp engineering,calendar,known deterministically at forecast origin,zero once the official calendar is published,binary indicator,forecast-origin value,training-fitted most-frequent then standardise,yes,True,True,training-fitted most-frequent imputation and standardised scalar,binary origin scalar in calendar channel,forecast_safe,btcn_feature_contract_v1
is_public_holiday_qld,binary,Queensland calendar and deterministic timestamp engineering,calendar,known deterministically at forecast origin,zero once the official calendar is published,binary indicator,forecast-origin value,training-fitted most-frequent then standardise,yes,True,True,training-fitted most-frequent imputation and standardised scalar,binary origin scalar in calendar channel,forecast_safe,btcn_feature_contract_v1
is_school_holiday_qld,binary,Queensland calendar and deterministic timestamp engineering,calendar,known deterministically at forecast origin,zero once the official calendar is published,binary indicator,forecast-origin value,training-fitted most-frequent then standardise,yes,True,True,training-fitted most-frequent imputation and standardised scalar,binary origin scalar in calendar channel,forecast_safe,btcn_feature_contract_v1
is_day_before_public_holiday,binary,Queensland calendar and deterministic timestamp engineering,calendar,known deterministically at forecast origin,zero once the official calendar is published,binary indicator,forecast-origin value,training-fitted most-frequent then standardise,yes,True,True,training-fitted most-frequent imputation and standardised scalar,binary origin scalar in calendar channel,forecast_safe,btcn_feature_contract_v1
is_day_after_public_holiday,binary,Queensland calendar and deterministic timestamp engineering,calendar,known deterministically at forecast origin,zero once the official calendar is published,binary indicator,forecast-origin value,training-fitted most-frequent then standardise,yes,True,True,training-fitted most-frequent imputation and standardised scalar,binary origin scalar in calendar channel,forecast_safe,btcn_feature_contract_v1
is_workday,binary,Queensland calendar and deterministic timestamp engineering,calendar,known deterministically at forecast origin,zero once the official calendar is published,binary indicator,forecast-origin value,training-fitted most-frequent then standardise,yes,True,True,training-fitted most-frequent imputation and standardised scalar,binary origin scalar in calendar channel,forecast_safe,btcn_feature_contract_v1
is_school_day,binary,Queensland calendar and deterministic timestamp engineering,calendar,known deterministically at forecast origin,zero once the official calendar is published,binary indicator,forecast-origin value,training-fitted most-frequent then standardise,yes,True,True,training-fitted most-frequent imputation and standardised scalar,binary origin scalar in calendar channel,forecast_safe,btcn_feature_contract_v1
day_of_week,categorical,Queensland calendar and deterministic timestamp engineering,calendar,known deterministically at forecast origin,zero once the official calendar is published,categorical encoding,forecast-origin value,training-fitted most-frequent then one-hot,yes,True,True,training-fitted most-frequent imputation and one-hot encoding,categorical origin scalar in calendar channel,forecast_safe,btcn_feature_contract_v1
month,categorical,Queensland calendar and deterministic timestamp engineering,calendar,known deterministically at forecast origin,zero once the official calendar is published,categorical encoding,forecast-origin value,training-fitted most-frequent then one-hot,yes,True,True,training-fitted most-frequent imputation and one-hot encoding,categorical origin scalar in calendar channel,forecast_safe,btcn_feature_contract_v1
season,categorical,Queensland calendar and deterministic timestamp engineering,calendar,known deterministically at forecast origin,zero once the official calendar is published,categorical encoding,forecast-origin value,training-fitted most-frequent then one-hot,yes,True,True,training-fitted most-frequent imputation and one-hot encoding,categorical origin scalar in calendar channel,forecast_safe,btcn_feature_contract_v1
holiday_type,categorical,Queensland calendar and deterministic timestamp engineering,calendar,known deterministically at forecast origin,zero once the official calendar is published,categorical encoding,forecast-origin value,training-fitted most-frequent then one-hot,yes,True,True,training-fitted most-frequent imputation and one-hot encoding,categorical origin scalar in calendar channel,forecast_safe,btcn_feature_contract_v1
