model,fold,training_period,evaluation_year,evaluation_rows,rmse_mw,mae_mw,mean_error_bias_mw,selected_hyperparameters,fit_seconds,prediction_seconds
Persistence,1,2015–2016,2017,105114,150.00108087935942,117.92592375896646,-0.0150890461784347,not applicable,0.0,0.0002236000000266
Persistence,2,2015–2017,2018,105114,157.73264249283807,125.10596504747228,0.0056185665087429,not applicable,0.0,0.0001505999989603
Persistence,3,2015–2018,2019,105114,158.7941843993547,127.56895751279563,0.0166670472058906,not applicable,0.0,8.369999886781443e-05
Persistence,4,2015–2019,2020,105402,166.85307209507468,133.7343657615605,0.0089738335135958,not applicable,0.0,0.0002317999988008
Weekly seasonal naive,1,2015–2016,2017,105114,387.0745852571959,265.8228130410792,1.258758966455478,not applicable,0.0,0.0002436000013403
Weekly seasonal naive,2,2015–2017,2018,105114,523.2294422447601,346.2792068611222,-8.847108567840635,not applicable,0.0,0.0001245999992534
Weekly seasonal naive,3,2015–2018,2019,105114,439.92900077950287,305.0091665239645,0.8269287630572603,not applicable,0.0,0.0001322000007348
Weekly seasonal naive,4,2015–2019,2020,105402,513.2813966788154,357.6126518472135,1.3251007571013858,not applicable,0.0,0.0002352999999857
Comparable-history empirical change,1,2015–2016,2017,105114,72.23136441556869,55.44198298989668,-0.1821184618604613,not applicable,0.1412875000005442,0.0001136999999289
Comparable-history empirical change,2,2015–2017,2018,105114,75.89129359153246,58.37613248473087,-0.4978237913122912,not applicable,0.1093376999997417,0.0001300999992963
Comparable-history empirical change,3,2015–2018,2019,105114,78.81850515946594,60.75807632665487,-0.4193302033982161,not applicable,0.132534399999713,0.0001237000014953
Comparable-history empirical change,4,2015–2019,2020,105402,88.54878245554188,67.21447519971159,-0.4005673042257179,not applicable,0.1503608999992138,0.0001391000005241
Bayesian random walk,1,2015–2016,2017,105114,150.00108879965353,117.92605853811708,-0.0510272940402847,not applicable,0.0020421000008354,0.0004591999986587
Bayesian random walk,2,2015–2017,2018,105114,157.7326426558447,125.10615232672993,-0.0091099520370193,not applicable,0.0030515000016748,0.0001928000001498
Bayesian random walk,3,2015–2018,2019,105114,158.7941836932944,127.56921330843386,0.0073180546064943,not applicable,0.0039443000005121,0.0001981999994313
Bayesian random walk,4,2015–2019,2020,105402,166.8530718540526,133.73480560228393,0.0003148697614265,not applicable,0.0051192000009905,0.0003264999995735
Ridge regression,1,2015–2016,2017,105114,63.61824212424235,48.72263515984917,-1.3732331428529183,alpha=0.001,72.24422709999817,0.0002400999983365
Ridge regression,2,2015–2017,2018,105114,67.59851881079683,51.68936340935383,-0.3451076210171859,alpha=0.316228,110.72484749999968,0.0002334999990125
Ridge regression,3,2015–2018,2019,105114,67.16658550235685,51.5249559708632,-1.9437106883340087,alpha=3.16228,148.37688159999925,0.0003417000007175
Ridge regression,4,2015–2019,2020,105402,75.12502191143109,56.72617070327332,0.9659439278242696,alpha=0.000316228,191.87340050000057,0.000243300000875
