fold,evaluation_year,alpha,mean_inner_rmse_mw,inner_rmse_sd_mw
1,2017,0.001,71.10059831449502,6.936891414084893
1,2017,0.0001,71.81253401895047,7.920808816695113
1,2017,0.0031622776601683,71.82495684835465,7.917068094522165
1,2017,0.01,71.85045586196208,7.954646789734372
1,2017,0.0316227766016837,71.85559360843345,7.933284978914125
1,2017,10.0,73.07367193751016,8.338355607796851
1,2017,3.1622776601683795,73.54953979696245,11.14141348183233
1,2017,1.0,74.23790849460147,11.87479947588542
1,2017,31.6227766016838,74.409441409525,5.954258179121701
1,2017,0.3162277660168379,74.65787758138477,12.14777944632979
1,2017,0.1,74.8233034097683,12.206232579859629
1,2017,0.0003162277660168,74.9127509306261,12.229950279014217
1,2017,100.0,76.04826685311963,2.633966365283244
1,2017,316.227766016838,81.08877778019978,3.3214211825651287
1,2017,1000.0,87.56905325972578,5.253631801986675
1,2017,3162.2776601683795,92.16166005254335,5.412922836439278
1,2017,10000.0,93.80001669041916,3.708464012048559
2,2018,0.3162277660168379,66.91495067528287,4.51573158052679
2,2018,0.01,66.93724542674566,4.462010908226024
2,2018,0.001,67.00325310857437,4.529894166482436
2,2018,0.0031622776601683,67.00879941609685,4.502098409784232
2,2018,0.1,67.02389962884953,4.393959935135477
2,2018,0.0001,67.02730647093354,4.352882554137834
2,2018,0.0316227766016837,67.0474743089237,4.384791410616833
2,2018,3.1622776601683795,67.96766740066504,5.58750529224906
2,2018,1.0,68.96520235212857,6.726388665360671
2,2018,0.0003162277660168,69.28316018892956,6.840544529541649
2,2018,10.0,69.366136972906,6.356876552629689
2,2018,31.6227766016838,72.72121222751197,7.320417667767451
2,2018,100.0,76.4303183155052,6.642028905112226
2,2018,316.227766016838,80.93355880773252,6.969918779126128
2,2018,1000.0,85.26802258699382,5.874375352258592
2,2018,3162.2776601683795,89.50809794355132,4.46551375085984
2,2018,10000.0,92.09596775159814,2.926369427948968
3,2019,3.1622776601683795,65.97102055588886,1.9719790637900307
3,2019,0.0316227766016837,66.18205153652475,2.055640303877753
3,2019,0.1,66.18364938777245,2.0628794121963847
3,2019,0.0031622776601683,66.18704139872845,1.9160453495101604
3,2019,0.001,66.18917300096147,1.9147167026520733
3,2019,0.0001,66.24113888760711,1.958175094989143
3,2019,1.0,66.24356514462484,2.079010280213089
3,2019,0.0003162277660168,66.25624551794895,1.9608343573182672
3,2019,0.01,66.2726816727786,1.9757623909574755
3,2019,0.3162277660168379,66.40040589191067,1.544993624431226
3,2019,10.0,67.60256031275117,2.5143246053534414
3,2019,31.6227766016838,69.63473464693102,2.5742803343745573
3,2019,100.0,74.3126821887218,3.2472195293270514
3,2019,316.227766016838,78.38363936419188,2.901281115392147
3,2019,1000.0,82.67178745691488,2.0837075653870025
3,2019,3162.2776601683795,86.99830036783862,0.9623429952526448
3,2019,10000.0,90.48151339968253,0.3077041812849229
4,2020,0.0003162277660168,66.96040156098043,1.0671587786986765
4,2020,0.0031622776601683,66.98024424760989,1.0709477863941586
4,2020,0.0001,66.98983355387202,1.048745662497535
4,2020,3.1622776601683795,67.44108797755746,0.90464139892971
4,2020,0.3162277660168379,67.60655558768093,1.5540797739586405
4,2020,1.0,67.64689844751325,1.0856620684905036
4,2020,0.1,67.66680090312398,1.605838084300452
4,2020,0.01,67.69520017262202,1.6432895438485826
4,2020,0.0316227766016837,67.72641309541909,1.6725979068032997
4,2020,0.001,67.764313673241,1.7097199177119686
4,2020,10.0,68.37896904927118,1.6921090320743124
4,2020,31.6227766016838,70.01666736883014,1.2597895300166937
4,2020,100.0,73.47927319222731,1.1889485179346184
4,2020,316.227766016838,77.50544937659576,1.2831801921450443
4,2020,1000.0,82.18259493334956,1.6843349780964083
4,2020,3162.2776601683795,87.02380551421965,1.5797491218360784
4,2020,10000.0,90.69421291373811,1.201671588945548
