grouping,group,fold,evaluation_year,model,observations,mean_nll,mean_crps_mw,mean_pit,pit_variance,coverage_50,mean_width_50_mw,coverage_80,mean_width_80_mw,coverage_95,mean_width_95_mw
season,Autumn,1,2017,Empirical residual,26496,5.501557476256762,33.0175637855317,0.5291594831402504,0.0757618344541409,0.5297780797101449,80.94170761905987,0.8332955917874396,159.2219698111975,0.9653155193236715,254.96255662781357
season,Spring,1,2017,Empirical residual,26208,5.50237719511078,33.033966862205844,0.5326530376689536,0.0761839933477533,0.5277777777777778,80.9417076190599,0.8308913308913309,159.2219698111975,0.9645528083028084,254.9625566278136
season,Summer,1,2017,Empirical residual,25914,5.702437479349909,40.16613657036072,0.556332032483044,0.0876800770399679,0.4675079107818168,80.94170761905988,0.7646060044763449,159.2219698111975,0.9231303542486686,254.9625566278135
season,Winter,1,2017,Empirical residual,26496,5.553626401899083,34.932820795375854,0.5242019281266411,0.0811997178537315,0.5051705917874396,80.94170761905987,0.8114809782608695,159.2219698111975,0.9569368961352656,254.96255662781357
season,Autumn,1,2017,Gaussian linear,26496,5.514588285976533,33.04269777739914,0.4877387639767044,0.0688024254524075,0.5826539855072463,89.72511443341591,0.8618659420289855,170.480516327171,0.9678442028985508,260.72745026459825
season,Spring,1,2017,Gaussian linear,26208,5.506790578282828,32.984421500142375,0.4914099262283901,0.0694810291766656,0.5759310134310134,89.72511443341592,0.860157203907204,170.48051632717096,0.9691315628815628,260.72745026459825
season,Summer,1,2017,Gaussian linear,25914,5.709901260162129,39.49747824760568,0.5169969269666016,0.0819230340858348,0.5200663733889017,89.7251144334159,0.8013814926294667,170.480516327171,0.9305780659103188,260.7274502645982
season,Winter,1,2017,Gaussian linear,26496,5.566029318784813,34.950695377489325,0.4841143708262059,0.0740343053336921,0.5516304347826086,89.72511443341591,0.8389945652173914,170.480516327171,0.9608242753623188,260.72745026459825
season,Autumn,1,2017,Student-t linear,26496,5.494849663708531,32.82283754317367,0.479699114544417,0.0754670895045804,0.532457729468599,80.57468852587206,0.8373716787439613,159.08296765274508,0.9681083937198068,261.8312596705591
season,Spring,1,2017,Student-t linear,26208,5.493963428495364,32.787703452230886,0.4867508266150131,0.0764188752534138,0.528464590964591,80.57468852587205,0.8332951770451771,159.08296765274508,0.970619658119658,261.8312596705591
season,Summer,1,2017,Student-t linear,25914,5.673159793336585,39.25437376906494,0.517959431083909,0.0882631357253321,0.4778112217334259,80.57468852587205,0.7746777803503897,159.08296765274508,0.9323145789920506,261.83125967055906
season,Winter,1,2017,Student-t linear,26496,5.55943604473626,35.1776478394881,0.4773437097316539,0.0814504297965461,0.5044912439613527,80.57468852587206,0.8075558574879227,159.08296765274508,0.9595033212560388,261.8312596705591
season,Autumn,2,2018,Empirical residual,26496,5.5884625456016215,35.68990335157228,0.506232551588583,0.087595715756897,0.4793176328502415,76.48862290337844,0.7779664855072463,148.67163323142316,0.937084842995169,235.63401436833007
season,Spring,2,2018,Empirical residual,26208,5.626896441563616,37.2059513587937,0.4968267255048628,0.092388337004769,0.4587530525030525,76.48862290337844,0.7531669719169719,148.67163323142313,0.9264346764346764,235.6340143683301
season,Summer,2,2018,Empirical residual,25914,5.634695180523386,37.28482018740595,0.4908434603036084,0.0908591623576179,0.4674693216022227,76.48862290337843,0.7607084973373466,148.67163323142316,0.9240564945589256,235.6340143683301
season,Winter,2,2018,Empirical residual,26496,5.673733441825185,38.69649045135022,0.507976596178696,0.09455571950299,0.4547856280193236,76.48862290337844,0.7417346014492754,148.67163323142316,0.9117225241545892,235.63401436833007
season,Autumn,2,2018,Gaussian linear,26496,5.609541421079539,35.6815357904091,0.506671932510317,0.0839664327272818,0.5037364130434783,81.04308058403274,0.7940443840579711,153.9843811841927,0.9365942028985508,235.498788669071
season,Spring,2,2018,Gaussian linear,26208,5.636911411029232,37.162409671305966,0.4973077549096713,0.088835498207914,0.4824862637362637,81.04308058403272,0.7683150183150184,153.9843811841927,0.9256333943833944,235.49878866907105
season,Summer,2,2018,Gaussian linear,25914,5.65689465232536,37.253228167087336,0.4914562548911774,0.087336707608427,0.4903527051014895,81.04308058403274,0.7766458285096859,153.98438118419267,0.9236706027629852,235.498788669071
season,Winter,2,2018,Gaussian linear,26496,5.687138145230709,38.64485074714944,0.5083517597639964,0.0910720893539065,0.4790157004830918,81.04308058403274,0.7566425120772947,153.9843811841927,0.9111564009661836,235.498788669071
season,Autumn,2,2018,Student-t linear,26496,5.571731812873512,35.5310527104159,0.5037566984724059,0.0877656185567821,0.4803366545893719,75.54452667894726,0.7775513285024155,147.64118979392143,0.9395003019323672,238.2111585996981
season,Spring,2,2018,Student-t linear,26208,5.616458829302828,37.01549611598156,0.4957605666248316,0.0925504517971042,0.4573031135531135,75.54452667894726,0.7540064102564102,147.64118979392143,0.9300595238095238,238.21115859969817
season,Summer,2,2018,Student-t linear,25914,5.621928758020542,37.15172505075663,0.4921222778103999,0.0911352336609375,0.4632631010264721,75.54452667894726,0.7624064212394844,147.64118979392146,0.9266805587713204,238.21115859969817
season,Winter,2,2018,Student-t linear,26496,5.6614008753955,38.42470747099013,0.506236648518586,0.0945560753943501,0.4527853260869565,75.54452667894726,0.741772342995169,147.64118979392146,0.9167798913043478,238.2111585996981
season,Autumn,3,2019,Empirical residual,26496,5.597520666719373,36.49296191616037,0.5038567374750055,0.0799656299140691,0.514266304347826,85.17004775158127,0.8180857487922706,168.29148873032412,0.9582955917874396,269.50860204982786
season,Spring,3,2019,Empirical residual,26208,5.625156767557065,37.56531062576836,0.4882268171123433,0.0827796669208787,0.493513431013431,85.17004775158128,0.807730463980464,168.29148873032412,0.9521520146520146,269.50860204982786
season,Summer,3,2019,Empirical residual,25914,5.608720350729633,36.92157292217871,0.4984301935141457,0.0811405807341805,0.5114223971598364,85.17004775158131,0.811800571119858,168.29148873032415,0.9520722389442,269.5086020498279
season,Winter,3,2019,Empirical residual,26496,5.609960363626466,36.93724702583874,0.4905317597784497,0.0800873397384298,0.5158137077294686,85.17004775158127,0.8155570652173914,168.29148873032412,0.9518795289855072,269.50860204982786
season,Autumn,3,2019,Gaussian linear,26496,5.61690793436202,36.557755544545984,0.5032628171655049,0.0752448587430879,0.548082729468599,92.09785264320747,0.8350317028985508,174.9887929414588,0.9572388285024156,267.6222643586323
season,Spring,3,2019,Gaussian linear,26208,5.637996618095047,37.60854334359395,0.4876938634469663,0.078115101334788,0.527281746031746,92.09785264320747,0.8224206349206349,174.9887929414588,0.9500534188034188,267.6222643586324
season,Summer,3,2019,Gaussian linear,25914,5.620460015022872,36.97676111541458,0.4980070360274677,0.0764864171155018,0.544223199814772,92.09785264320746,0.8280080265493556,174.9887929414588,0.9504514934012502,267.6222643586324
season,Winter,3,2019,Gaussian linear,26496,5.630144214204457,37.00933170715794,0.4902218864773793,0.075491322587522,0.5503094806763285,92.09785264320747,0.8317859299516909,174.9887929414588,0.9499924516908212,267.6222643586323
season,Autumn,3,2019,Student-t linear,26496,5.595956561908721,36.4835357221428,0.5015441231628491,0.0808971095091722,0.5103034420289855,84.2498284297315,0.8120093599033816,165.34455481619588,0.9579936594202898,268.9559673218928
season,Spring,3,2019,Student-t linear,26208,5.620643743223397,37.40295332278231,0.4893927838690977,0.0835173866609215,0.4920253357753357,84.24982842973151,0.8029990842490843,165.34455481619585,0.9510454822954822,268.9559673218928
season,Summer,3,2019,Student-t linear,25914,5.6056209651730855,36.82713826126104,0.498621104326495,0.0819379587061327,0.5071004090453037,84.24982842973151,0.8054333564868411,165.3445548161959,0.9520722389442,268.9559673218928
season,Winter,3,2019,Student-t linear,26496,5.606579770343067,36.844596367801856,0.4903291605811308,0.0808176108670152,0.5132095410628019,84.2498284297315,0.8095184178743962,165.34455481619588,0.9510869565217392,268.9559673218928
season,Autumn,4,2020,Empirical residual,26496,5.695926219890167,40.153257284660526,0.5020986796931829,0.0890907048525248,0.4764492753623188,84.6504070549563,0.7690217391304348,164.21009357121218,0.9368961352657004,270.5731036094632
season,Spring,4,2020,Empirical residual,26208,5.757454649051579,42.403634994001536,0.5077565311257556,0.0915896873204668,0.4649725274725275,84.6504070549563,0.7583180708180708,164.21009357121216,0.9285332722832724,270.5731036094632
season,Summer,4,2020,Empirical residual,26202,5.734270763532551,41.40368809705487,0.5237887519044134,0.0895412229758101,0.4766811693763835,84.6504070549563,0.7652469277154416,164.21009357121216,0.9267613159300816,270.5731036094632
season,Winter,4,2020,Empirical residual,26496,5.691888428002245,40.04039153441846,0.5043276552748432,0.0885342249814966,0.4824501811594203,84.6504070549563,0.7701539855072463,164.21009357121218,0.9373112922705314,270.5731036094632
season,Autumn,4,2020,Gaussian linear,26496,5.710627700574479,40.13994391804775,0.4998212621864752,0.0832489389338231,0.5133982487922706,91.99796077115153,0.7958182367149759,174.79899526850485,0.933725845410628,267.33199386672186
season,Spring,4,2020,Gaussian linear,26208,5.810916237654032,42.35075723839691,0.5053990392139422,0.0857059454671895,0.4992368742368742,91.9979607711515,0.7864774114774115,174.79899526850485,0.9270833333333334,267.33199386672186
season,Summer,4,2020,Gaussian linear,26202,5.759758822104619,41.34719151672167,0.5214014637728632,0.0836396028680972,0.5138157392565453,91.99796077115153,0.7929929013052439,174.79899526850485,0.9263033356232347,267.33199386672186
season,Winter,4,2020,Gaussian linear,26496,5.711845140403223,40.02877643357645,0.5021400215963754,0.0826722521099101,0.5153985507246377,91.99796077115153,0.7975543478260869,174.79899526850485,0.9344429347826086,267.33199386672186
season,Autumn,4,2020,Student-t linear,26496,5.694107320139722,40.11598100156264,0.4989409443604987,0.0893574831349413,0.4717315821256038,82.79086736561466,0.7717768719806763,163.86050240986663,0.9355374396135264,271.00398128477934
season,Spring,4,2020,Student-t linear,26208,5.750132161865946,42.35902717909091,0.5055460309991474,0.0918095393575972,0.4594398656898656,82.79086736561466,0.7582417582417582,163.86050240986663,0.9294108669108668,271.00398128477934
season,Summer,4,2020,Student-t linear,26202,5.726534491944854,41.34958633443683,0.5195284305410803,0.0898055377893232,0.4694679795435463,82.79086736561466,0.7667735287382642,163.8605024098666,0.92866956720861,271.00398128477934
season,Winter,4,2020,Student-t linear,26496,5.686092406734889,39.8330599830154,0.5023699903185468,0.0883636352772027,0.4759208937198068,82.79086736561466,0.7744942632850241,163.86050240986663,0.9381416062801932,271.00398128477934
time_block,Afternoon,1,2017,Empirical residual,26280,5.6286405945148905,37.56859345207657,0.5718432903609525,0.0818372012367941,0.4792998477929985,80.94170761905988,0.7839802130898021,159.2219698111975,0.9403729071537292,254.9625566278136
time_block,Evening,1,2017,Empirical residual,26274,5.589170857384486,36.15688240615533,0.4769519551982473,0.0836559882402691,0.4966506812818756,80.94170761905988,0.7974042779934536,159.2219698111975,0.9477810763492426,254.96255662781357
time_block,Morning,1,2017,Empirical residual,26280,5.617489038021284,37.17732337149394,0.4943540136356448,0.0853664172698878,0.4900684931506849,80.94170761905988,0.7921993911719939,159.2219698111975,0.9421613394216134,254.9625566278136
time_block,Overnight,1,2017,Empirical residual,26280,5.4223461398395525,30.164544672830544,0.5987565538056229,0.0600079243423894,0.5648782343987824,80.94170761905988,0.8674657534246575,159.2219698111975,0.98013698630137,254.9625566278136
time_block,Afternoon,1,2017,Gaussian linear,26280,5.617324006939437,36.69426771668245,0.5312029522405969,0.0767382322789249,0.5356925418569254,89.72511443341592,0.8231735159817352,170.480516327171,0.949847792998478,260.72745026459825
time_block,Evening,1,2017,Gaussian linear,26274,5.6186181761013945,36.927449451959525,0.4395276443992019,0.0753060266173743,0.5320849509020324,89.72511443341594,0.8158635913831164,170.48051632717093,0.9475527137093704,260.72745026459825
time_block,Morning,1,2017,Gaussian linear,26280,5.648462661534015,37.62950637609448,0.4568721972184151,0.0778708864612593,0.5253044140030442,89.72511443341592,0.816324200913242,170.48051632717096,0.944406392694064,260.72745026459825
time_block,Overnight,1,2017,Gaussian linear,26280,5.410652404142466,29.150902776147177,0.5521988628240719,0.0557352557285744,0.6378234398782344,89.72511443341592,0.9076864535768644,170.48051632717096,0.9870243531202436,260.72745026459825
time_block,Afternoon,1,2017,Student-t linear,26280,5.591925743934363,36.33397725045727,0.5336119828212871,0.0828418179415117,0.4949391171993911,80.57468852587203,0.7986301369863014,159.08296765274508,0.9517884322678845,261.8312596705591
time_block,Evening,1,2017,Student-t linear,26274,5.607755894466176,36.908318245998494,0.4296242521702219,0.081028058723358,0.4832914668493567,80.57468852587203,0.7865189921595493,159.08296765274508,0.948085559869072,261.8312596705592
time_block,Morning,1,2017,Student-t linear,26280,5.640456489523624,38.11254584237628,0.4449308807594565,0.0852408444843677,0.4707001522070015,80.57468852587203,0.7809741248097413,159.08296765274508,0.943835616438356,261.8312596705591
time_block,Overnight,1,2017,Student-t linear,26280,5.379346540449153,28.618533262998167,0.5530030051990527,0.0618608766726933,0.5948249619482496,80.57468852587203,0.8874048706240487,159.08296765274508,0.9872526636225266,261.8312596705591
time_block,Afternoon,2,2018,Empirical residual,26280,5.703909716563591,39.61067304732271,0.5520715002923896,0.0936344571439691,0.4449391171993911,76.48862290337844,0.7335996955859969,148.67163323142316,0.9084855403348554,235.63401436833013
time_block,Evening,2,2018,Empirical residual,26274,5.613068878762437,36.632264675815485,0.463479394301011,0.0905800480208693,0.4564207962244043,76.48862290337846,0.7583542665753216,148.67163323142316,0.932823323437619,235.63401436833013
time_block,Morning,2,2018,Empirical residual,26280,5.800308809849815,42.752726446440704,0.4184708320321522,0.0971660838962381,0.4108447488584474,76.48862290337844,0.6957382039573821,148.67163323142316,0.8895357686453577,235.63401436833013
time_block,Overnight,2,2018,Empirical residual,26280,5.406457501396283,29.88006213704184,0.5681022729158014,0.068883289783279,0.5481354642313546,76.48862290337844,0.8458904109589042,148.67163323142316,0.968455098934551,235.63401436833013
time_block,Afternoon,2,2018,Gaussian linear,26280,5.725540484475925,39.55918567906272,0.5517589774652956,0.0901487333165764,0.4675418569254185,81.04308058403275,0.7496194824961948,153.98438118419267,0.9087899543378996,235.49878866907096
time_block,Evening,2,2018,Gaussian linear,26274,5.624185874928391,36.57608063062592,0.4647301261864335,0.0870516466007073,0.4809317195706782,81.04308058403277,0.7745299535662632,153.98438118419267,0.9317195706782372,235.49878866907096
time_block,Morning,2,2018,Gaussian linear,26280,5.825279477649668,42.61554879016258,0.4201685017101787,0.0941256619392274,0.4331811263318113,81.04308058403275,0.711834094368341,153.98438118419267,0.8874809741248098,235.49878866907096
time_block,Overnight,2,2018,Gaussian linear,26280,5.4153864454733895,29.989823468277496,0.5673718908778169,0.0652426599227729,0.5739726027397261,81.04308058403275,0.8596651445966514,153.98438118419267,0.9690639269406393,235.49878866907096
time_block,Afternoon,2,2018,Student-t linear,26280,5.695358500796639,39.537014002749046,0.5543828115041541,0.0937016319758954,0.4427321156773212,75.54452667894726,0.7342085235920852,147.64118979392143,0.9115296803652968,238.2111585996981
time_block,Evening,2,2018,Student-t linear,26274,5.598247338865891,36.49622724593496,0.4647140990678012,0.0910728922396599,0.453908807185811,75.54452667894726,0.7567176676562382,147.64118979392143,0.9362487630357008,238.2111585996981
time_block,Morning,2,2018,Student-t linear,26280,5.788766047012075,42.64632215564422,0.416785426799665,0.0974681752682313,0.406544901065449,75.54452667894726,0.693455098934551,147.64118979392146,0.8926940639269406,238.2111585996981
time_block,Overnight,2,2018,Student-t linear,26280,5.389069819037793,29.440783791370457,0.5621892624666606,0.0688987354968521,0.5505707762557077,75.54452667894726,0.8513318112633181,147.64118979392146,0.9725646879756468,238.2111585996981
time_block,Afternoon,3,2019,Empirical residual,26280,5.6883036094477255,39.89113008674344,0.5444272791299051,0.0848903940947165,0.4827625570776255,85.17004775158128,0.784703196347032,168.29148873032412,0.9365296803652968,269.5086020498279
time_block,Evening,3,2019,Empirical residual,26274,5.554263698558239,34.907937053950306,0.4813780374292541,0.0780496359022372,0.5139681814721778,85.17004775158128,0.8307452234147826,168.29148873032412,0.970541219456497,269.5086020498279
time_block,Morning,3,2019,Empirical residual,26280,5.787138818665579,43.71416249249535,0.3960637106766156,0.0861727343359352,0.4280060882800608,85.17004775158128,0.7377853881278539,168.29148873032412,0.9228310502283104,269.5086020498279
time_block,Overnight,3,2019,Empirical residual,26280,5.411512697345885,29.398245455662067,0.5591802250114849,0.0584568249635779,0.6103881278538813,85.17004775158128,0.9000380517503805,168.29148873032412,0.98455098934551,269.5086020498279
time_block,Afternoon,3,2019,Gaussian linear,26280,5.715754254733804,39.88249935117741,0.5427674257916327,0.0801572964305951,0.5163622526636226,92.09785264320746,0.8028158295281583,174.98879294145885,0.9370243531202436,267.6222643586324
time_block,Evening,3,2019,Gaussian linear,26274,5.558811407118329,34.98164303890718,0.4813635520815058,0.0732956727722252,0.548146456573038,92.09785264320745,0.846350003806044,174.9887929414588,0.9686381974575626,267.6222643586323
time_block,Morning,3,2019,Gaussian linear,26280,5.794062374741735,43.62206019710169,0.3978165639937999,0.0825968104264686,0.4579908675799087,92.09785264320746,0.7529680365296804,174.98879294145885,0.9170091324200912,267.6222643586324
time_block,Overnight,3,2019,Gaussian linear,26280,5.436869025552169,29.660826528991212,0.5572417273061302,0.0536314632838076,0.6475266362252664,92.09785264320746,0.915220700152207,174.98879294145885,0.9851217656012176,267.6222643586324
time_block,Afternoon,3,2019,Student-t linear,26280,5.687643741934266,39.89168174398509,0.545950289218634,0.0855331579916912,0.4775875190258752,84.24982842973151,0.7796042617960426,165.34455481619585,0.9374048706240488,268.9559673218928
time_block,Evening,3,2019,Student-t linear,26274,5.551416975775889,34.869191391122875,0.4843221776714965,0.0792716845260126,0.5100860165943518,84.24982842973152,0.8233234376189389,165.34455481619588,0.970046433736774,268.9559673218928
time_block,Morning,3,2019,Student-t linear,26280,5.789136721666922,43.71194375783288,0.3958951114281689,0.0877242948378922,0.423896499238965,84.24982842973152,0.7261415525114155,165.34455481619585,0.9191019786910198,268.9559673218928
time_block,Overnight,3,2019,Student-t linear,26280,5.400478514774069,29.08070154653092,0.5536974839459557,0.0587499872270658,0.6111872146118722,84.24982842973152,0.9009893455098934,165.34455481619585,0.9856925418569256,268.9559673218928
time_block,Afternoon,4,2020,Empirical residual,26352,5.919393420543598,48.254903622489415,0.5644521376648816,0.09969794238426,0.4133652094717668,84.6504070549563,0.6950516089860352,164.21009357121213,0.8931769884638737,270.5731036094632
time_block,Evening,4,2020,Empirical residual,26346,5.568754506198352,35.361874937399946,0.4772232563734302,0.07928950776508,0.516321263189858,84.6504070549563,0.8186062400364381,164.21009357121218,0.9651180444849312,270.5731036094632
time_block,Morning,4,2020,Empirical residual,26352,5.981300416034517,50.776291312755255,0.4205301786019567,0.1036480626664191,0.3805403764420157,84.6504070549563,0.6664010321797207,164.21009357121213,0.8848284760170007,270.5731036094632
time_block,Overnight,4,2020,Empirical residual,26352,5.409486213462837,29.58677954302652,0.5756181810025026,0.0600377006512026,0.5904295689131754,84.6504070549563,0.8827792956891317,164.21009357121213,0.9864905889496054,270.5731036094632
time_block,Afternoon,4,2020,Gaussian linear,26352,5.972835524925478,47.98476858188154,0.5606217771298079,0.0938511196574999,0.4460761991499696,91.99796077115148,0.7274210686095932,174.79899526850485,0.8956056466302368,267.3319938667218
time_block,Evening,4,2020,Gaussian linear,26346,5.57367780551356,35.45522644218387,0.476545601406152,0.0734113748118125,0.5534046914142564,91.9979607711515,0.8420633113186062,174.79899526850485,0.962688833219464,267.3319938667218
time_block,Morning,4,2020,Gaussian linear,26352,6.013872454223465,50.55578174658444,0.4202582624142632,0.0988729651669308,0.4107468123861566,91.99796077115148,0.692698846387371,174.79899526850485,0.8756451123254402,267.3319938667218
time_block,Overnight,4,2020,Gaussian linear,26352,5.431909899710614,29.85026541287836,0.5711901992977432,0.0539469324380959,0.631716757741348,91.99796077115148,0.9107468123861566,174.79899526850485,0.9877049180327868,267.3319938667218
time_block,Afternoon,4,2020,Student-t linear,26352,5.9085947866536825,48.2722213882189,0.5624829046528236,0.0997551195428736,0.4069899817850637,82.79086736561464,0.6991879174256224,163.86050240986663,0.8989450516089861,271.0039812847793
time_block,Evening,4,2020,Student-t linear,26346,5.563326942324025,35.24241404407397,0.4797290765379982,0.0798041501706093,0.5095650193577773,82.79086736561464,0.8169741137174523,163.86050240986663,0.9646246109466332,271.0039812847793
time_block,Morning,4,2020,Student-t linear,26352,5.984531847471479,50.98370850286574,0.4166802966426584,0.104436738902991,0.3708257437765634,82.79086736561464,0.6607088646023073,163.86050240986663,0.8790604128718883,271.0039812847793
time_block,Overnight,4,2020,Student-t linear,26352,5.399848502370084,29.137375928843078,0.5673542012640554,0.0599389097963228,0.5892911353976927,82.79086736561464,0.8945431086824529,163.86050240986663,0.9892228293867638,271.0039812847794
ramp_severity,Extreme (> training p95),1,2017,Empirical residual,6502,6.314153128624333,62.42489727126846,0.4791264499363664,0.1367096559810338,0.2617656105813596,80.94170761905988,0.5332205475238389,159.22196981119754,0.7996001230390649,254.9625566278135
ramp_severity,High (training p80–p95),1,2017,Empirical residual,16849,5.69798940083732,40.03653259865761,0.4820590815956412,0.0929762473195277,0.4545670366193839,80.9417076190599,0.7510237996320256,159.22196981119754,0.9278888954834116,254.9625566278135
ramp_severity,Ordinary (≤ training p80),1,2017,Empirical residual,81763,5.477261980944078,32.12419598904364,0.5509696245322442,0.0721563449001853,0.538238567567237,80.9417076190599,0.8445017917640009,159.2219698111975,0.969876349938236,254.9625566278135
ramp_severity,Extreme (> training p95),1,2017,Gaussian linear,6502,6.412547907695454,62.3234623507343,0.4509841418586375,0.128147416428626,0.2971393417410027,89.72511443341588,0.5678252845278375,170.480516327171,0.7997539218701938,260.72745026459825
ramp_severity,High (training p80–p95),1,2017,Gaussian linear,16849,5.71240936676126,40.534430476187865,0.4480307984973026,0.0864244924993238,0.4729064039408867,89.72511443341592,0.7726868063386552,170.48051632717096,0.9359012404296992,260.72745026459825
ramp_severity,Ordinary (≤ training p80),1,2017,Gaussian linear,81763,5.478488079826303,31.815791295798174,0.5081195719029166,0.0659551665621281,0.5959296992527182,89.72511443341591,0.8764967038880668,170.48051632717096,0.9741203233736532,260.7274502645982
ramp_severity,Extreme (> training p95),1,2017,Student-t linear,6502,6.323288519913676,62.8486172553065,0.4453070697686667,0.132925032990773,0.2706859427868348,80.57468852587205,0.530452168563519,159.08296765274508,0.8015995078437403,261.8312596705591
ramp_severity,High (training p80–p95),1,2017,Student-t linear,16849,5.722137501424011,41.06815756981738,0.4399690065234097,0.0938920930273087,0.4206777850317526,80.57468852587205,0.7339901477832512,159.08296765274508,0.9347142263635824,261.8312596705591
ramp_severity,Ordinary (≤ training p80),1,2017,Student-t linear,81763,5.459292024895271,31.526237275280582,0.5042445687475343,0.0728602485395906,0.5486466983843548,80.57468852587203,0.8522436799041131,159.0829676527451,0.9749030735173612,261.8312596705592
ramp_severity,Extreme (> training p95),2,2018,Empirical residual,6702,6.762710945967846,72.02487282728913,0.5367363996189157,0.1555047821321277,0.2087436586093703,76.48862290337844,0.423455684870188,148.67163323142316,0.6865114891077291,235.6340143683301
ramp_severity,High (training p80–p95),2,2018,Empirical residual,19034,5.795821960573023,42.80945993692133,0.4703950475163678,0.106818796670816,0.3793737522328465,76.48862290337844,0.683356099611222,148.67163323142316,0.8986025007880635,235.63401436833007
ramp_severity,Ordinary (≤ training p80),2,2018,Empirical residual,79378,5.495842346418649,32.939710443977994,0.5047032067689846,0.0819419456605931,0.5072816145531508,76.48862290337844,0.8046687999193731,148.67163323142313,0.9512333392123762,235.6340143683301
ramp_severity,Extreme (> training p95),2,2018,Gaussian linear,6702,6.921609941069874,71.60864182894625,0.5356155029898676,0.1532684274936344,0.220680393912265,81.04308058403277,0.4397194867203819,153.9843811841927,0.684870188003581,235.49878866907096
ramp_severity,High (training p80–p95),2,2018,Gaussian linear,19034,5.807691644067014,42.64125229825541,0.4718041171085937,0.1033367134136707,0.4024377429862351,81.04308058403274,0.7016917095723443,153.9843811841927,0.8970789114216665,235.49878866907096
ramp_severity,Ordinary (≤ training p80),2,2018,Gaussian linear,79378,5.501644429077931,32.97046803023568,0.5050907318695329,0.0782905989762966,0.5322885434251304,81.04308058403275,0.8194461941595909,153.9843811841927,0.9509939781803524,235.498788669071
ramp_severity,Extreme (> training p95),2,2018,Student-t linear,6702,6.670486048583102,71.30358873065575,0.5343068927212488,0.1546618897556248,0.209340495374515,75.54452667894726,0.4256938227394807,147.6411897939214,0.6969561324977619,238.2111585996981
ramp_severity,High (training p80–p95),2,2018,Student-t linear,19034,5.7843071962403965,42.63441451606514,0.4704191367339435,0.1068802108750168,0.3783755385100347,75.54452667894728,0.6841441630765998,147.64118979392143,0.902227592728801,238.2111585996981
ramp_severity,Ordinary (≤ training p80),2,2018,Student-t linear,79378,5.489075031762516,32.79250736183637,0.503560819314469,0.0822021982235858,0.5052911386026355,75.54452667894728,0.8049963465947744,147.64118979392143,0.9540300839023408,238.2111585996981
ramp_severity,Extreme (> training p95),3,2019,Empirical residual,6057,6.477711444203297,70.07115028350438,0.5337424654521954,0.1424232679648555,0.2403830279016014,85.17004775158128,0.4954597985801552,168.29148873032412,0.7698530625722305,269.50860204982786
ramp_severity,High (training p80–p95),3,2019,Empirical residual,19523,5.719101250742519,41.11473306245075,0.4868992184938062,0.0933964334911404,0.4344619167136198,85.17004775158128,0.7615120626952825,168.29148873032412,0.9410951185780874,269.50860204982786
ramp_severity,Ordinary (≤ training p80),3,2019,Empirical residual,79534,5.517544612080383,33.4423042581446,0.4943857284297897,0.0731836794192817,0.5474639776699274,85.1700477515813,0.8502401488671512,168.29148873032412,0.9706792063771468,269.50860204982786
ramp_severity,Extreme (> training p95),3,2019,Gaussian linear,6057,6.627519051468449,69.55988384973882,0.5306434179249296,0.1389985868228333,0.2618457982499587,92.09785264320747,0.5189037477298993,174.98879294145877,0.7640746244015189,267.6222643586323
ramp_severity,High (training p80–p95),3,2019,Gaussian linear,19523,5.718814385504818,41.01629568429229,0.4867978563218667,0.0886477922798506,0.4677047584899861,92.09785264320745,0.7800542949341802,174.9887929414588,0.9403780156738206,267.6222643586323
ramp_severity,Ordinary (≤ training p80),3,2019,Gaussian linear,79534,5.527445039628336,33.583230796798915,0.4940320376343783,0.0684686432205117,0.5822415570699323,92.09785264320745,0.8650765710262278,174.9887929414588,0.9690949782482964,267.6222643586323
ramp_severity,Extreme (> training p95),3,2019,Student-t linear,6057,6.500380360634053,70.12696706785238,0.5335822947341299,0.1432232951037083,0.2382367508667657,84.24982842973154,0.4885256727753013,165.34455481619588,0.7691926696384349,268.9559673218928
ramp_severity,High (training p80–p95),3,2019,Student-t linear,19523,5.716665540303834,41.081913994087735,0.4875784740261668,0.0945375557023876,0.4322081647287814,84.24982842973152,0.7533166009322337,165.3445548161959,0.941812221482354,268.9559673218927
ramp_severity,Ordinary (≤ training p80),3,2019,Student-t linear,79534,5.512271863423508,33.327834674534344,0.493839683602247,0.0738861267131254,0.5440943495863404,84.24982842973151,0.8451102673070636,165.34455481619585,0.9698242261171324,268.9559673218928
ramp_severity,Extreme (> training p95),4,2020,Empirical residual,7530,6.756838413295069,79.4461423737599,0.5911918974691248,0.1478663511856482,0.197476759628154,84.65040705495633,0.4265604249667994,164.21009357121218,0.7280212483399734,270.57310360946326
ramp_severity,High (training p80–p95),4,2020,Empirical residual,19270,5.83100446202329,44.9960276991994,0.4996802376147739,0.0995162263747012,0.4242345614945511,84.65040705495633,0.7219512195121951,164.21009357121213,0.913544369486248,270.57310360946326
ramp_severity,Ordinary (≤ training p80),4,2020,Empirical residual,78602,5.593112410163614,36.33090652545936,0.5040247709940823,0.0811031949937342,0.5142490012976769,84.65040705495632,0.8089234370626701,164.21009357121216,0.9566041576550216,270.5731036094632
ramp_severity,Extreme (> training p95),4,2020,Gaussian linear,7530,6.996421652375128,78.53616082017832,0.5852145143351257,0.1434595604436758,0.2173970783532536,91.99796077115153,0.4652058432934927,174.79899526850485,0.7304116865869854,267.33199386672186
ramp_severity,High (training p80–p95),4,2020,Gaussian linear,19270,5.846890110247569,44.81762973426235,0.4979430461780415,0.0935928949910229,0.4581214322781525,91.9979607711515,0.7499221587960561,174.79899526850485,0.912558380902958,267.3319938667219
ramp_severity,Ordinary (≤ training p80),4,2020,Gaussian linear,78602,5.6042709643636535,36.41695066673245,0.5019363064020205,0.0751631938920969,0.5513981832523346,91.9979607711515,0.8352713671407852,174.79899526850488,0.9539451922342944,267.3319938667219
ramp_severity,Extreme (> training p95),4,2020,Student-t linear,7530,6.713391247462928,78.81110133957192,0.5860078544017553,0.1468147043962369,0.196945551128818,82.79086736561467,0.4385126162018592,163.86050240986657,0.7431606905710492,271.00398128477934
ramp_severity,High (training p80–p95),4,2020,Student-t linear,19270,5.82045493121915,44.86416600378588,0.4989395942114534,0.0995018122082083,0.4167099117799688,82.79086736561466,0.7224701608718215,163.8605024098666,0.9153606642449404,271.0039812847793
ramp_severity,Ordinary (≤ training p80),4,2020,Student-t linear,78602,5.59227360374294,36.30870669183962,0.5008214004557021,0.0814277233985531,0.5081041194880538,82.79086736561467,0.8105264497086588,163.86050240986663,0.9554591486221724,271.0039812847793
