fold,evaluation_year,model,observations,mean_nll,mean_crps_mw,mean_pit,pit_variance,coverage_50,mean_width_50_mw,coverage_80,mean_width_80_mw,coverage_95,mean_width_95_mw
1,2017,Gaussian linear,105114,5.573761751881142,35.1004272981345,0.4949535777512422,0.0736886325923275,0.5577278002930152,89.72511443341591,0.8407633616835055,170.48051632717096,0.9572083642521452,260.72745026459825
1,2017,Student-t linear,105114,5.554868148386361,34.99323434201554,0.4902959932364238,0.080627349701594,0.5109405026923151,80.57468852587203,0.813383564510912,159.08296765274503,0.957741119165858,261.8312596705591
1,2017,Empirical residual,105114,5.564410244163043,35.26678517100239,0.5354797938801786,0.0803250764770769,0.5077249462488346,80.94170761905988,0.8102631428734517,159.22196981119754,0.952613353121373,254.9625566278136
2,2018,Gaussian linear,105114,5.647599407020661,37.18519440880034,0.5010094447972948,0.0878475137654217,0.4889072816180528,81.04308058403277,0.7739121334931598,153.98438118419267,0.924263180927374,235.49878866907105
2,2018,Student-t linear,105114,5.617861545960468,37.03011727209969,0.4995198865912782,0.0915313023300334,0.4634396940464638,75.54452667894726,0.7589284015449892,147.64118979392146,0.9282588427802196,238.2111585996981
2,2018,Empirical residual,105114,5.630937246527037,37.21896506412027,0.5005331148237245,0.0913957234958472,0.4650855261906121,76.48862290337844,0.7583956466312766,148.67163323142316,0.9248244762828928,235.6340143683301
3,2019,Gaussian linear,105114,5.626378122084167,37.03687458678112,0.4947980841044556,0.076364988404518,0.5425062313297944,92.09785264320746,0.8293376714804879,174.98879294145885,0.951947409479232,267.6222643586323
3,2019,Student-t linear,105114,5.607172170911938,36.88849486691564,0.4949668731400061,0.0818120159857772,0.5056890614000038,84.24982842973152,0.8075137469794699,165.34455481619585,0.9530604867096676,268.9559673218928
3,2019,Empirical residual,105114,5.610307904874581,36.97798692574429,0.4952631055885364,0.0810243582952782,0.5087809425956581,85.17004775158128,0.8133169701466979,168.2914887303241,0.9536122685845844,269.5086020498279
4,2020,Gaussian linear,105402,5.748083848577516,40.96182399064232,0.507155702440238,0.0838806951074531,0.5104836720365837,91.99796077115148,0.7932297299861483,174.79899526850485,0.930409290146297,267.3319938667218
4,2020,Student-t linear,105402,5.714084101054927,40.90925253194349,0.5065631472146547,0.0898872438508899,0.469165670480636,82.79086736561464,0.7678507049202102,163.86050240986663,0.9329614238818996,271.0039812847793
4,2020,Empirical residual,105402,5.719742233534288,40.99528301694599,0.5094577732534114,0.0897536306323475,0.4751617616364016,84.65040705495629,0.7657065330828637,164.21009357121213,0.9324016622075484,270.5731036094632
