canonical_feature_name,data_type,contract_role,source_dataset,source_variable,btcn_channel,forecast_origin_availability,publication_latency,available_at_rule,required_transformation,lag_or_sequence_position,native_frequency,missing_value_rule,available_in_training,available_in_validation,available_in_locked_test,available_in_deployment,include_full_ridge,include_btcn,ridge_representation,btcn_representation,mathematical_exception,exception_reason,leakage_status,contract_version,notes
totaldemand_mw,numeric,predictor,AEMO DISPATCHREGIONSUM / engineered demand history,TOTALDEMAND or DISPATCHREGIONSUM field,demand_history,latest closed demand interval or explicitly lagged history,AEMO five-minute operational cadence,source interval end plus publication delay must be <= forecast origin,Callide-counterfactual demand at forecast origin,t,5-minute,never impute,yes,yes,yes,yes,True,True,training-fitted median imputation and standardised scalar,numeric origin-aligned input in demand_history channel,False,not applicable,forecast_safe,btcn_feature_contract_v1,Initial BTCN/full-Ridge parity information set.
demand_lag_5min,numeric,predictor,AEMO DISPATCHREGIONSUM / engineered demand history,TOTALDEMAND or DISPATCHREGIONSUM field,demand_history,latest closed demand interval or explicitly lagged history,AEMO five-minute operational cadence,source interval end plus publication delay must be <= forecast origin,exact causal lag,t-5min,5-minute,boundary missingness; training-fitted median if selected,yes,yes,yes,yes,True,True,training-fitted median imputation and standardised scalar,numeric origin-aligned input in demand_history channel,False,not applicable,forecast_safe,btcn_feature_contract_v1,Initial BTCN/full-Ridge parity information set.
demand_lag_15min,numeric,predictor,AEMO DISPATCHREGIONSUM / engineered demand history,TOTALDEMAND or DISPATCHREGIONSUM field,demand_history,latest closed demand interval or explicitly lagged history,AEMO five-minute operational cadence,source interval end plus publication delay must be <= forecast origin,exact causal lag,t-15min,5-minute,boundary missingness; training-fitted median if selected,yes,yes,yes,yes,True,True,training-fitted median imputation and standardised scalar,numeric origin-aligned input in demand_history channel,False,not applicable,forecast_safe,btcn_feature_contract_v1,Initial BTCN/full-Ridge parity information set.
demand_lag_30min,numeric,predictor,AEMO DISPATCHREGIONSUM / engineered demand history,TOTALDEMAND or DISPATCHREGIONSUM field,demand_history,latest closed demand interval or explicitly lagged history,AEMO five-minute operational cadence,source interval end plus publication delay must be <= forecast origin,exact causal lag,t-30min,5-minute,boundary missingness; training-fitted median if selected,yes,yes,yes,yes,True,True,training-fitted median imputation and standardised scalar,numeric origin-aligned input in demand_history channel,False,not applicable,forecast_safe,btcn_feature_contract_v1,Initial BTCN/full-Ridge parity information set.
demand_lag_1h,numeric,predictor,AEMO DISPATCHREGIONSUM / engineered demand history,TOTALDEMAND or DISPATCHREGIONSUM field,demand_history,latest closed demand interval or explicitly lagged history,AEMO five-minute operational cadence,source interval end plus publication delay must be <= forecast origin,exact causal lag,t-1h,5-minute,boundary missingness; training-fitted median if selected,yes,yes,yes,yes,True,True,training-fitted median imputation and standardised scalar,numeric origin-aligned input in demand_history channel,False,not applicable,forecast_safe,btcn_feature_contract_v1,Initial BTCN/full-Ridge parity information set.
demand_lag_2h,numeric,predictor,AEMO DISPATCHREGIONSUM / engineered demand history,TOTALDEMAND or DISPATCHREGIONSUM field,demand_history,latest closed demand interval or explicitly lagged history,AEMO five-minute operational cadence,source interval end plus publication delay must be <= forecast origin,exact causal lag,t-2h,5-minute,boundary missingness; training-fitted median if selected,yes,yes,yes,yes,True,True,training-fitted median imputation and standardised scalar,numeric origin-aligned input in demand_history channel,False,not applicable,forecast_safe,btcn_feature_contract_v1,Initial BTCN/full-Ridge parity information set.
demand_lag_6h,numeric,predictor,AEMO DISPATCHREGIONSUM / engineered demand history,TOTALDEMAND or DISPATCHREGIONSUM field,demand_history,latest closed demand interval or explicitly lagged history,AEMO five-minute operational cadence,source interval end plus publication delay must be <= forecast origin,exact causal lag,t-6h,5-minute,boundary missingness; training-fitted median if selected,yes,yes,yes,yes,True,True,training-fitted median imputation and standardised scalar,numeric origin-aligned input in demand_history channel,False,not applicable,forecast_safe,btcn_feature_contract_v1,Initial BTCN/full-Ridge parity information set.
demand_lag_12h,numeric,predictor,AEMO DISPATCHREGIONSUM / engineered demand history,TOTALDEMAND or DISPATCHREGIONSUM field,demand_history,latest closed demand interval or explicitly lagged history,AEMO five-minute operational cadence,source interval end plus publication delay must be <= forecast origin,exact causal lag,t-12h,5-minute,boundary missingness; training-fitted median if selected,yes,yes,yes,yes,True,True,training-fitted median imputation and standardised scalar,numeric origin-aligned input in demand_history channel,False,not applicable,forecast_safe,btcn_feature_contract_v1,Initial BTCN/full-Ridge parity information set.
demand_lag_24h,numeric,predictor,AEMO DISPATCHREGIONSUM / engineered demand history,TOTALDEMAND or DISPATCHREGIONSUM field,demand_history,latest closed demand interval or explicitly lagged history,AEMO five-minute operational cadence,source interval end plus publication delay must be <= forecast origin,exact causal lag,t-24h,5-minute,boundary missingness; training-fitted median if selected,yes,yes,yes,yes,True,True,training-fitted median imputation and standardised scalar,numeric origin-aligned input in demand_history channel,False,not applicable,forecast_safe,btcn_feature_contract_v1,Initial BTCN/full-Ridge parity information set.
demand_lag_48h,numeric,predictor,AEMO DISPATCHREGIONSUM / engineered demand history,TOTALDEMAND or DISPATCHREGIONSUM field,demand_history,latest closed demand interval or explicitly lagged history,AEMO five-minute operational cadence,source interval end plus publication delay must be <= forecast origin,exact causal lag,t-48h,5-minute,boundary missingness; training-fitted median if selected,yes,yes,yes,yes,True,True,training-fitted median imputation and standardised scalar,numeric origin-aligned input in demand_history channel,False,not applicable,forecast_safe,btcn_feature_contract_v1,Initial BTCN/full-Ridge parity information set.
demand_lag_7d,numeric,predictor,AEMO DISPATCHREGIONSUM / engineered demand history,TOTALDEMAND or DISPATCHREGIONSUM field,demand_history,latest closed demand interval or explicitly lagged history,AEMO five-minute operational cadence,source interval end plus publication delay must be <= forecast origin,exact causal lag,t-7d,5-minute,boundary missingness; training-fitted median if selected,yes,yes,yes,yes,True,True,training-fitted median imputation and standardised scalar,numeric origin-aligned input in demand_history channel,False,not applicable,forecast_safe,btcn_feature_contract_v1,Initial BTCN/full-Ridge parity information set.
demand_lag_14d,numeric,predictor,AEMO DISPATCHREGIONSUM / engineered demand history,TOTALDEMAND or DISPATCHREGIONSUM field,demand_history,latest closed demand interval or explicitly lagged history,AEMO five-minute operational cadence,source interval end plus publication delay must be <= forecast origin,exact causal lag,t-14d,5-minute,boundary missingness; training-fitted median if selected,yes,yes,yes,yes,True,True,training-fitted median imputation and standardised scalar,numeric origin-aligned input in demand_history channel,False,not applicable,forecast_safe,btcn_feature_contract_v1,Initial BTCN/full-Ridge parity information set.
demand_mean_1h,numeric,predictor,AEMO DISPATCHREGIONSUM / engineered demand history,TOTALDEMAND or DISPATCHREGIONSUM field,demand_history,latest closed demand interval or explicitly lagged history,AEMO five-minute operational cadence,source interval end plus publication delay must be <= forecast origin,"shift one five-minute interval, then backward rolling statistic",window ending t-5min (1h),5-minute,leading boundary missingness; training-fitted median,yes,yes,yes,yes,True,True,training-fitted median imputation and standardised scalar,numeric origin-aligned input in demand_history channel,False,not applicable,forecast_safe,btcn_feature_contract_v1,Initial BTCN/full-Ridge parity information set.
demand_std_1h,numeric,predictor,AEMO DISPATCHREGIONSUM / engineered demand history,TOTALDEMAND or DISPATCHREGIONSUM field,demand_history,latest closed demand interval or explicitly lagged history,AEMO five-minute operational cadence,source interval end plus publication delay must be <= forecast origin,"shift one five-minute interval, then backward rolling statistic",window ending t-5min (1h),5-minute,leading boundary missingness; training-fitted median,yes,yes,yes,yes,True,True,training-fitted median imputation and standardised scalar,numeric origin-aligned input in demand_history channel,False,not applicable,forecast_safe,btcn_feature_contract_v1,Initial BTCN/full-Ridge parity information set.
demand_mean_6h,numeric,predictor,AEMO DISPATCHREGIONSUM / engineered demand history,TOTALDEMAND or DISPATCHREGIONSUM field,demand_history,latest closed demand interval or explicitly lagged history,AEMO five-minute operational cadence,source interval end plus publication delay must be <= forecast origin,"shift one five-minute interval, then backward rolling statistic",window ending t-5min (6h),5-minute,leading boundary missingness; training-fitted median,yes,yes,yes,yes,True,True,training-fitted median imputation and standardised scalar,numeric origin-aligned input in demand_history channel,False,not applicable,forecast_safe,btcn_feature_contract_v1,Initial BTCN/full-Ridge parity information set.
demand_std_6h,numeric,predictor,AEMO DISPATCHREGIONSUM / engineered demand history,TOTALDEMAND or DISPATCHREGIONSUM field,demand_history,latest closed demand interval or explicitly lagged history,AEMO five-minute operational cadence,source interval end plus publication delay must be <= forecast origin,"shift one five-minute interval, then backward rolling statistic",window ending t-5min (6h),5-minute,leading boundary missingness; training-fitted median,yes,yes,yes,yes,True,True,training-fitted median imputation and standardised scalar,numeric origin-aligned input in demand_history channel,False,not applicable,forecast_safe,btcn_feature_contract_v1,Initial BTCN/full-Ridge parity information set.
demand_mean_24h,numeric,predictor,AEMO DISPATCHREGIONSUM / engineered demand history,TOTALDEMAND or DISPATCHREGIONSUM field,demand_history,latest closed demand interval or explicitly lagged history,AEMO five-minute operational cadence,source interval end plus publication delay must be <= forecast origin,"shift one five-minute interval, then backward rolling statistic",window ending t-5min (24h),5-minute,leading boundary missingness; training-fitted median,yes,yes,yes,yes,True,True,training-fitted median imputation and standardised scalar,numeric origin-aligned input in demand_history channel,False,not applicable,forecast_safe,btcn_feature_contract_v1,Initial BTCN/full-Ridge parity information set.
demand_std_24h,numeric,predictor,AEMO DISPATCHREGIONSUM / engineered demand history,TOTALDEMAND or DISPATCHREGIONSUM field,demand_history,latest closed demand interval or explicitly lagged history,AEMO five-minute operational cadence,source interval end plus publication delay must be <= forecast origin,"shift one five-minute interval, then backward rolling statistic",window ending t-5min (24h),5-minute,leading boundary missingness; training-fitted median,yes,yes,yes,yes,True,True,training-fitted median imputation and standardised scalar,numeric origin-aligned input in demand_history channel,False,not applicable,forecast_safe,btcn_feature_contract_v1,Initial BTCN/full-Ridge parity information set.
demand_mean_7d,numeric,predictor,AEMO DISPATCHREGIONSUM / engineered demand history,TOTALDEMAND or DISPATCHREGIONSUM field,demand_history,latest closed demand interval or explicitly lagged history,AEMO five-minute operational cadence,source interval end plus publication delay must be <= forecast origin,"shift one five-minute interval, then backward rolling statistic",window ending t-5min (7d),5-minute,leading boundary missingness; training-fitted median,yes,yes,yes,yes,True,True,training-fitted median imputation and standardised scalar,numeric origin-aligned input in demand_history channel,False,not applicable,forecast_safe,btcn_feature_contract_v1,Initial BTCN/full-Ridge parity information set.
demand_ramp_5min_lagged,numeric,predictor,AEMO DISPATCHREGIONSUM / engineered demand history,TOTALDEMAND or DISPATCHREGIONSUM field,demand_history,latest closed demand interval or explicitly lagged history,AEMO five-minute operational cadence,source interval end plus publication delay must be <= forecast origin,backward difference shifted one five-minute interval,ends at t-5min,5-minute,leading boundary missingness; training-fitted median,yes,yes,yes,yes,True,True,training-fitted median imputation and standardised scalar,numeric origin-aligned input in demand_history channel,False,not applicable,forecast_safe,btcn_feature_contract_v1,Initial BTCN/full-Ridge parity information set.
demand_ramp_15min_lagged,numeric,predictor,AEMO DISPATCHREGIONSUM / engineered demand history,TOTALDEMAND or DISPATCHREGIONSUM field,demand_history,latest closed demand interval or explicitly lagged history,AEMO five-minute operational cadence,source interval end plus publication delay must be <= forecast origin,backward difference shifted one five-minute interval,ends at t-5min,5-minute,leading boundary missingness; training-fitted median,yes,yes,yes,yes,True,True,training-fitted median imputation and standardised scalar,numeric origin-aligned input in demand_history channel,False,not applicable,forecast_safe,btcn_feature_contract_v1,Initial BTCN/full-Ridge parity information set.
demand_ramp_1h_lagged,numeric,predictor,AEMO DISPATCHREGIONSUM / engineered demand history,TOTALDEMAND or DISPATCHREGIONSUM field,demand_history,latest closed demand interval or explicitly lagged history,AEMO five-minute operational cadence,source interval end plus publication delay must be <= forecast origin,backward difference shifted one five-minute interval,ends at t-5min,5-minute,leading boundary missingness; training-fitted median,yes,yes,yes,yes,True,True,training-fitted median imputation and standardised scalar,numeric origin-aligned input in demand_history channel,False,not applicable,forecast_safe,btcn_feature_contract_v1,Initial BTCN/full-Ridge parity information set.
demand_ramp_volatility_1h,numeric,predictor,AEMO DISPATCHREGIONSUM / engineered demand history,TOTALDEMAND or DISPATCHREGIONSUM field,demand_history,latest closed demand interval or explicitly lagged history,AEMO five-minute operational cadence,source interval end plus publication delay must be <= forecast origin,"five-minute difference, shift one interval, backward 1h rolling standard deviation",window ending t-5min,5-minute,leading boundary missingness; training-fitted median,yes,yes,yes,yes,True,True,training-fitted median imputation and standardised scalar,numeric origin-aligned input in demand_history channel,False,not applicable,forecast_safe,btcn_feature_contract_v1,Initial BTCN/full-Ridge parity information set.
time_of_day_sin,numeric,predictor,Queensland calendar and deterministic timestamp engineering,calendar/timestamp,calendar,known deterministically at forecast origin,zero once the official calendar is published,calendar date/time known by forecast origin,deterministic cyclical encoding,forecast-origin calendar position,5-minute,none expected,yes,yes,yes,yes,True,True,training-fitted median imputation and standardised scalar,numeric origin-aligned input in calendar channel,False,not applicable,forecast_safe,btcn_feature_contract_v1,Initial BTCN/full-Ridge parity information set.
time_of_day_cos,numeric,predictor,Queensland calendar and deterministic timestamp engineering,calendar/timestamp,calendar,known deterministically at forecast origin,zero once the official calendar is published,calendar date/time known by forecast origin,deterministic cyclical encoding,forecast-origin calendar position,5-minute,none expected,yes,yes,yes,yes,True,True,training-fitted median imputation and standardised scalar,numeric origin-aligned input in calendar channel,False,not applicable,forecast_safe,btcn_feature_contract_v1,Initial BTCN/full-Ridge parity information set.
day_of_year_sin,numeric,predictor,Queensland calendar and deterministic timestamp engineering,calendar/timestamp,calendar,known deterministically at forecast origin,zero once the official calendar is published,calendar date/time known by forecast origin,deterministic cyclical encoding,forecast-origin calendar position,5-minute,none expected,yes,yes,yes,yes,True,True,training-fitted median imputation and standardised scalar,numeric origin-aligned input in calendar channel,False,not applicable,forecast_safe,btcn_feature_contract_v1,Initial BTCN/full-Ridge parity information set.
day_of_year_cos,numeric,predictor,Queensland calendar and deterministic timestamp engineering,calendar/timestamp,calendar,known deterministically at forecast origin,zero once the official calendar is published,calendar date/time known by forecast origin,deterministic cyclical encoding,forecast-origin calendar position,5-minute,none expected,yes,yes,yes,yes,True,True,training-fitted median imputation and standardised scalar,numeric origin-aligned input in calendar channel,False,not applicable,forecast_safe,btcn_feature_contract_v1,Initial BTCN/full-Ridge parity information set.
years_since_start,numeric,predictor,Queensland calendar and deterministic timestamp engineering,calendar/timestamp,calendar,known deterministically at forecast origin,zero once the official calendar is published,calendar date/time known by forecast origin,canonical engineered value,forecast-origin scalar,5-minute,training-fitted median,yes,yes,yes,yes,True,True,training-fitted median imputation and standardised scalar,numeric origin-aligned input in calendar channel,False,not applicable,forecast_safe,btcn_feature_contract_v1,Initial BTCN/full-Ridge parity information set.
dry_bulb_temp_lag_1h,numeric,predictor,Open-Meteo finalised historical weather / engineered hourly history,Queensland five-node weather aggregate,weather_history,past valid-time historical proxy,historical available_at and retrieval-vintage latency unresolved,weather observation available_at must be <= forecast origin,exact causal lag,t-1h,hourly,boundary missingness; training-fitted median if selected,yes,yes,yes,unresolved,True,True,training-fitted median imputation and standardised scalar,numeric origin-aligned input in weather_history channel,False,not applicable,research_proxy_deployment_unresolved,btcn_feature_contract_v1,Research backtest input only until publication/revision provenance is resolved; blocks deployment claim.
dry_bulb_temp_lag_3h,numeric,predictor,Open-Meteo finalised historical weather / engineered hourly history,Queensland five-node weather aggregate,weather_history,past valid-time historical proxy,historical available_at and retrieval-vintage latency unresolved,weather observation available_at must be <= forecast origin,exact causal lag,t-3h,hourly,boundary missingness; training-fitted median if selected,yes,yes,yes,unresolved,True,True,training-fitted median imputation and standardised scalar,numeric origin-aligned input in weather_history channel,False,not applicable,research_proxy_deployment_unresolved,btcn_feature_contract_v1,Research backtest input only until publication/revision provenance is resolved; blocks deployment claim.
dry_bulb_temp_lag_6h,numeric,predictor,Open-Meteo finalised historical weather / engineered hourly history,Queensland five-node weather aggregate,weather_history,past valid-time historical proxy,historical available_at and retrieval-vintage latency unresolved,weather observation available_at must be <= forecast origin,exact causal lag,t-6h,hourly,boundary missingness; training-fitted median if selected,yes,yes,yes,unresolved,True,True,training-fitted median imputation and standardised scalar,numeric origin-aligned input in weather_history channel,False,not applicable,research_proxy_deployment_unresolved,btcn_feature_contract_v1,Research backtest input only until publication/revision provenance is resolved; blocks deployment claim.
dry_bulb_temp_lag_24h,numeric,predictor,Open-Meteo finalised historical weather / engineered hourly history,Queensland five-node weather aggregate,weather_history,past valid-time historical proxy,historical available_at and retrieval-vintage latency unresolved,weather observation available_at must be <= forecast origin,exact causal lag,t-24h,hourly,boundary missingness; training-fitted median if selected,yes,yes,yes,unresolved,True,True,training-fitted median imputation and standardised scalar,numeric origin-aligned input in weather_history channel,False,not applicable,research_proxy_deployment_unresolved,btcn_feature_contract_v1,Research backtest input only until publication/revision provenance is resolved; blocks deployment claim.
dry_bulb_temp_mean_3h,numeric,predictor,Open-Meteo finalised historical weather / engineered hourly history,Queensland five-node weather aggregate,weather_history,past valid-time historical proxy,historical available_at and retrieval-vintage latency unresolved,weather observation available_at must be <= forecast origin,"shift one native hour, then backward rolling mean",hourly window ending before t (3h),hourly,leading boundary missingness; training-fitted median,yes,yes,yes,unresolved,True,True,training-fitted median imputation and standardised scalar,numeric origin-aligned input in weather_history channel,False,not applicable,research_proxy_deployment_unresolved,btcn_feature_contract_v1,Research backtest input only until publication/revision provenance is resolved; blocks deployment claim.
dry_bulb_temp_mean_24h,numeric,predictor,Open-Meteo finalised historical weather / engineered hourly history,Queensland five-node weather aggregate,weather_history,past valid-time historical proxy,historical available_at and retrieval-vintage latency unresolved,weather observation available_at must be <= forecast origin,"shift one native hour, then backward rolling mean",hourly window ending before t (24h),hourly,leading boundary missingness; training-fitted median,yes,yes,yes,unresolved,True,True,training-fitted median imputation and standardised scalar,numeric origin-aligned input in weather_history channel,False,not applicable,research_proxy_deployment_unresolved,btcn_feature_contract_v1,Research backtest input only until publication/revision provenance is resolved; blocks deployment claim.
observed_dry_bulb_temp_change_1h,numeric,predictor,Open-Meteo finalised historical weather / engineered hourly history,Queensland five-node weather aggregate,weather_history,past valid-time historical proxy,historical available_at and retrieval-vintage latency unresolved,weather observation available_at must be <= forecast origin,"shift one native hour, then backward difference",strictly before t,hourly,leading boundary missingness; training-fitted median,yes,yes,yes,unresolved,True,True,training-fitted median imputation and standardised scalar,numeric origin-aligned input in weather_history channel,False,not applicable,research_proxy_deployment_unresolved,btcn_feature_contract_v1,Research backtest input only until publication/revision provenance is resolved; blocks deployment claim.
observed_dry_bulb_temp_change_6h,numeric,predictor,Open-Meteo finalised historical weather / engineered hourly history,Queensland five-node weather aggregate,weather_history,past valid-time historical proxy,historical available_at and retrieval-vintage latency unresolved,weather observation available_at must be <= forecast origin,"shift one native hour, then backward difference",strictly before t,hourly,leading boundary missingness; training-fitted median,yes,yes,yes,unresolved,True,True,training-fitted median imputation and standardised scalar,numeric origin-aligned input in weather_history channel,False,not applicable,research_proxy_deployment_unresolved,btcn_feature_contract_v1,Research backtest input only until publication/revision provenance is resolved; blocks deployment claim.
availablegeneration_mw_lag_1,numeric,predictor,AEMO DISPATCHREGIONSUM,AVAILABLEGENERATION,system_context,preceding dispatch interval,five-minute cadence confirmed; historical revision-safe as-of policy unresolved,preceding interval publication must be <= forecast origin,canonical engineered value,forecast-origin scalar,5-minute,training-fitted median,yes,yes,yes,unresolved,True,True,training-fitted median imputation and standardised scalar,numeric origin-aligned input in system_context channel,False,not applicable,research_proxy_deployment_unresolved,btcn_feature_contract_v1,Research backtest input only until publication/revision provenance is resolved; blocks deployment claim.
total_solar_capacity_mw,numeric,predictor,Clean Energy Regulator capacity history,Queensland capacity publication,structural_context,latest publication-lagged capacity available by origin,source-specific monthly/annual publication delay,capacity effective/available date <= forecast origin,canonical engineered value,forecast-origin scalar,monthly/annual,training-fitted median,yes,yes,yes,yes,True,True,training-fitted median imputation and standardised scalar,numeric origin-aligned input in structural_context channel,False,not applicable,forecast_safe,btcn_feature_contract_v1,Initial BTCN/full-Ridge parity information set.
total_wind_capacity_mw,numeric,predictor,Clean Energy Regulator capacity history,Queensland capacity publication,structural_context,latest publication-lagged capacity available by origin,source-specific monthly/annual publication delay,capacity effective/available date <= forecast origin,canonical engineered value,forecast-origin scalar,monthly/annual,training-fitted median,yes,yes,yes,yes,True,True,training-fitted median imputation and standardised scalar,numeric origin-aligned input in structural_context channel,False,not applicable,forecast_safe,btcn_feature_contract_v1,Initial BTCN/full-Ridge parity information set.
total_qld_population,numeric,predictor,ABS Estimated Resident Population,Queensland ERP,structural_context,latest publication available by origin,30 June year Y ERP becomes usable 1 April Y+1,population_available_from <= forecast origin,canonical engineered value,forecast-origin scalar,monthly/annual,training-fitted median,yes,yes,yes,yes,True,True,training-fitted median imputation and standardised scalar,numeric origin-aligned input in structural_context channel,False,not applicable,forecast_safe,btcn_feature_contract_v1,Initial BTCN/full-Ridge parity information set.
solar_capacity_kw_per_capita,numeric,predictor,Clean Energy Regulator capacity history,Queensland capacity publication,structural_context,latest publication-lagged capacity available by origin,source-specific monthly/annual publication delay,capacity effective/available date <= forecast origin,canonical engineered value,forecast-origin scalar,monthly/annual,training-fitted median,yes,yes,yes,yes,True,True,training-fitted median imputation and standardised scalar,numeric origin-aligned input in structural_context channel,False,not applicable,forecast_safe,btcn_feature_contract_v1,Initial BTCN/full-Ridge parity information set.
log_population,numeric,predictor,ABS Estimated Resident Population,Queensland ERP,structural_context,latest publication available by origin,30 June year Y ERP becomes usable 1 April Y+1,population_available_from <= forecast origin,canonical engineered value,forecast-origin scalar,monthly/annual,training-fitted median,yes,yes,yes,yes,True,True,training-fitted median imputation and standardised scalar,numeric origin-aligned input in structural_context channel,False,not applicable,forecast_safe,btcn_feature_contract_v1,Initial BTCN/full-Ridge parity information set.
soi_lag_1m,numeric,predictor,Bureau of Meteorology SOI history,SOI monthly series,climate_context,one-month-lagged value for selected predictors,exact historical SOI release latency unresolved,published SOI release time must be <= forecast origin,exact causal lag,t-1m,monthly/annual,boundary missingness; training-fitted median if selected,yes,yes,yes,unresolved,True,True,training-fitted median imputation and standardised scalar,numeric origin-aligned input in climate_context channel,False,not applicable,research_proxy_deployment_unresolved,btcn_feature_contract_v1,Research backtest input only until publication/revision provenance is resolved; blocks deployment claim.
soi_3m_mean_lag_1m,numeric,predictor,Bureau of Meteorology SOI history,SOI monthly series,climate_context,one-month-lagged value for selected predictors,exact historical SOI release latency unresolved,published SOI release time must be <= forecast origin,exact causal lag,t-1m,monthly/annual,boundary missingness; training-fitted median if selected,yes,yes,yes,unresolved,True,True,training-fitted median imputation and standardised scalar,numeric origin-aligned input in climate_context channel,False,not applicable,research_proxy_deployment_unresolved,btcn_feature_contract_v1,Research backtest input only until publication/revision provenance is resolved; blocks deployment claim.
is_weekend,binary,predictor,Queensland calendar and deterministic timestamp engineering,calendar/timestamp,calendar,known deterministically at forecast origin,zero once the official calendar is published,calendar date/time known by forecast origin,binary indicator,forecast-origin value,5-minute,training-fitted most-frequent then standardise,yes,yes,yes,yes,True,True,training-fitted most-frequent imputation and standardised scalar,binary origin scalar in calendar channel,False,not applicable,forecast_safe,btcn_feature_contract_v1,Initial BTCN/full-Ridge parity information set.
is_public_holiday_qld,binary,predictor,Queensland calendar and deterministic timestamp engineering,calendar/timestamp,calendar,known deterministically at forecast origin,zero once the official calendar is published,calendar date/time known by forecast origin,binary indicator,forecast-origin value,5-minute,training-fitted most-frequent then standardise,yes,yes,yes,yes,True,True,training-fitted most-frequent imputation and standardised scalar,binary origin scalar in calendar channel,False,not applicable,forecast_safe,btcn_feature_contract_v1,Initial BTCN/full-Ridge parity information set.
is_school_holiday_qld,binary,predictor,Queensland calendar and deterministic timestamp engineering,calendar/timestamp,calendar,known deterministically at forecast origin,zero once the official calendar is published,calendar date/time known by forecast origin,binary indicator,forecast-origin value,5-minute,training-fitted most-frequent then standardise,yes,yes,yes,yes,True,True,training-fitted most-frequent imputation and standardised scalar,binary origin scalar in calendar channel,False,not applicable,forecast_safe,btcn_feature_contract_v1,Initial BTCN/full-Ridge parity information set.
is_day_before_public_holiday,binary,predictor,Queensland calendar and deterministic timestamp engineering,calendar/timestamp,calendar,known deterministically at forecast origin,zero once the official calendar is published,calendar date/time known by forecast origin,binary indicator,forecast-origin value,5-minute,training-fitted most-frequent then standardise,yes,yes,yes,yes,True,True,training-fitted most-frequent imputation and standardised scalar,binary origin scalar in calendar channel,False,not applicable,forecast_safe,btcn_feature_contract_v1,Initial BTCN/full-Ridge parity information set.
is_day_after_public_holiday,binary,predictor,Queensland calendar and deterministic timestamp engineering,calendar/timestamp,calendar,known deterministically at forecast origin,zero once the official calendar is published,calendar date/time known by forecast origin,binary indicator,forecast-origin value,5-minute,training-fitted most-frequent then standardise,yes,yes,yes,yes,True,True,training-fitted most-frequent imputation and standardised scalar,binary origin scalar in calendar channel,False,not applicable,forecast_safe,btcn_feature_contract_v1,Initial BTCN/full-Ridge parity information set.
is_workday,binary,predictor,Queensland calendar and deterministic timestamp engineering,calendar/timestamp,calendar,known deterministically at forecast origin,zero once the official calendar is published,calendar date/time known by forecast origin,binary indicator,forecast-origin value,5-minute,training-fitted most-frequent then standardise,yes,yes,yes,yes,True,True,training-fitted most-frequent imputation and standardised scalar,binary origin scalar in calendar channel,False,not applicable,forecast_safe,btcn_feature_contract_v1,Initial BTCN/full-Ridge parity information set.
is_school_day,binary,predictor,Queensland calendar and deterministic timestamp engineering,calendar/timestamp,calendar,known deterministically at forecast origin,zero once the official calendar is published,calendar date/time known by forecast origin,binary indicator,forecast-origin value,5-minute,training-fitted most-frequent then standardise,yes,yes,yes,yes,True,True,training-fitted most-frequent imputation and standardised scalar,binary origin scalar in calendar channel,False,not applicable,forecast_safe,btcn_feature_contract_v1,Initial BTCN/full-Ridge parity information set.
day_of_week,categorical,predictor,Queensland calendar and deterministic timestamp engineering,calendar/timestamp,calendar,known deterministically at forecast origin,zero once the official calendar is published,calendar date/time known by forecast origin,categorical encoding,forecast-origin value,5-minute,training-fitted most-frequent then one-hot,yes,yes,yes,yes,True,True,training-fitted most-frequent imputation and one-hot encoding,categorical origin scalar in calendar channel,False,not applicable,forecast_safe,btcn_feature_contract_v1,Initial BTCN/full-Ridge parity information set.
month,categorical,predictor,Queensland calendar and deterministic timestamp engineering,calendar/timestamp,calendar,known deterministically at forecast origin,zero once the official calendar is published,calendar date/time known by forecast origin,categorical encoding,forecast-origin value,5-minute,training-fitted most-frequent then one-hot,yes,yes,yes,yes,True,True,training-fitted most-frequent imputation and one-hot encoding,categorical origin scalar in calendar channel,False,not applicable,forecast_safe,btcn_feature_contract_v1,Initial BTCN/full-Ridge parity information set.
season,categorical,predictor,Queensland calendar and deterministic timestamp engineering,calendar/timestamp,calendar,known deterministically at forecast origin,zero once the official calendar is published,calendar date/time known by forecast origin,categorical encoding,forecast-origin value,5-minute,training-fitted most-frequent then one-hot,yes,yes,yes,yes,True,True,training-fitted most-frequent imputation and one-hot encoding,categorical origin scalar in calendar channel,False,not applicable,forecast_safe,btcn_feature_contract_v1,Initial BTCN/full-Ridge parity information set.
holiday_type,categorical,predictor,Queensland calendar and deterministic timestamp engineering,calendar/timestamp,calendar,known deterministically at forecast origin,zero once the official calendar is published,calendar date/time known by forecast origin,categorical encoding,forecast-origin value,5-minute,training-fitted most-frequent then one-hot,yes,yes,yes,yes,True,True,training-fitted most-frequent imputation and one-hot encoding,categorical origin scalar in calendar channel,False,not applicable,forecast_safe,btcn_feature_contract_v1,Initial BTCN/full-Ridge parity information set.
