canonical_feature_name,source_dataset,forecast_origin_availability,available_in_deployment,btcn_channel,btcn_representation,include_full_ridge,ridge_representation,mathematical_exception,exception_reason,leakage_status,parity_pass
totaldemand_mw,AEMO DISPATCHREGIONSUM / engineered demand history,latest closed demand interval or explicitly lagged history,yes,demand_history,numeric origin-aligned input in demand_history channel,True,training-fitted median imputation and standardised scalar,False,not applicable,forecast_safe,True
demand_lag_5min,AEMO DISPATCHREGIONSUM / engineered demand history,latest closed demand interval or explicitly lagged history,yes,demand_history,numeric origin-aligned input in demand_history channel,True,training-fitted median imputation and standardised scalar,False,not applicable,forecast_safe,True
demand_lag_15min,AEMO DISPATCHREGIONSUM / engineered demand history,latest closed demand interval or explicitly lagged history,yes,demand_history,numeric origin-aligned input in demand_history channel,True,training-fitted median imputation and standardised scalar,False,not applicable,forecast_safe,True
demand_lag_30min,AEMO DISPATCHREGIONSUM / engineered demand history,latest closed demand interval or explicitly lagged history,yes,demand_history,numeric origin-aligned input in demand_history channel,True,training-fitted median imputation and standardised scalar,False,not applicable,forecast_safe,True
demand_lag_1h,AEMO DISPATCHREGIONSUM / engineered demand history,latest closed demand interval or explicitly lagged history,yes,demand_history,numeric origin-aligned input in demand_history channel,True,training-fitted median imputation and standardised scalar,False,not applicable,forecast_safe,True
demand_lag_2h,AEMO DISPATCHREGIONSUM / engineered demand history,latest closed demand interval or explicitly lagged history,yes,demand_history,numeric origin-aligned input in demand_history channel,True,training-fitted median imputation and standardised scalar,False,not applicable,forecast_safe,True
demand_lag_6h,AEMO DISPATCHREGIONSUM / engineered demand history,latest closed demand interval or explicitly lagged history,yes,demand_history,numeric origin-aligned input in demand_history channel,True,training-fitted median imputation and standardised scalar,False,not applicable,forecast_safe,True
demand_lag_12h,AEMO DISPATCHREGIONSUM / engineered demand history,latest closed demand interval or explicitly lagged history,yes,demand_history,numeric origin-aligned input in demand_history channel,True,training-fitted median imputation and standardised scalar,False,not applicable,forecast_safe,True
demand_lag_24h,AEMO DISPATCHREGIONSUM / engineered demand history,latest closed demand interval or explicitly lagged history,yes,demand_history,numeric origin-aligned input in demand_history channel,True,training-fitted median imputation and standardised scalar,False,not applicable,forecast_safe,True
demand_lag_48h,AEMO DISPATCHREGIONSUM / engineered demand history,latest closed demand interval or explicitly lagged history,yes,demand_history,numeric origin-aligned input in demand_history channel,True,training-fitted median imputation and standardised scalar,False,not applicable,forecast_safe,True
demand_lag_7d,AEMO DISPATCHREGIONSUM / engineered demand history,latest closed demand interval or explicitly lagged history,yes,demand_history,numeric origin-aligned input in demand_history channel,True,training-fitted median imputation and standardised scalar,False,not applicable,forecast_safe,True
demand_lag_14d,AEMO DISPATCHREGIONSUM / engineered demand history,latest closed demand interval or explicitly lagged history,yes,demand_history,numeric origin-aligned input in demand_history channel,True,training-fitted median imputation and standardised scalar,False,not applicable,forecast_safe,True
demand_mean_1h,AEMO DISPATCHREGIONSUM / engineered demand history,latest closed demand interval or explicitly lagged history,yes,demand_history,numeric origin-aligned input in demand_history channel,True,training-fitted median imputation and standardised scalar,False,not applicable,forecast_safe,True
demand_std_1h,AEMO DISPATCHREGIONSUM / engineered demand history,latest closed demand interval or explicitly lagged history,yes,demand_history,numeric origin-aligned input in demand_history channel,True,training-fitted median imputation and standardised scalar,False,not applicable,forecast_safe,True
demand_mean_6h,AEMO DISPATCHREGIONSUM / engineered demand history,latest closed demand interval or explicitly lagged history,yes,demand_history,numeric origin-aligned input in demand_history channel,True,training-fitted median imputation and standardised scalar,False,not applicable,forecast_safe,True
demand_std_6h,AEMO DISPATCHREGIONSUM / engineered demand history,latest closed demand interval or explicitly lagged history,yes,demand_history,numeric origin-aligned input in demand_history channel,True,training-fitted median imputation and standardised scalar,False,not applicable,forecast_safe,True
demand_mean_24h,AEMO DISPATCHREGIONSUM / engineered demand history,latest closed demand interval or explicitly lagged history,yes,demand_history,numeric origin-aligned input in demand_history channel,True,training-fitted median imputation and standardised scalar,False,not applicable,forecast_safe,True
demand_std_24h,AEMO DISPATCHREGIONSUM / engineered demand history,latest closed demand interval or explicitly lagged history,yes,demand_history,numeric origin-aligned input in demand_history channel,True,training-fitted median imputation and standardised scalar,False,not applicable,forecast_safe,True
demand_mean_7d,AEMO DISPATCHREGIONSUM / engineered demand history,latest closed demand interval or explicitly lagged history,yes,demand_history,numeric origin-aligned input in demand_history channel,True,training-fitted median imputation and standardised scalar,False,not applicable,forecast_safe,True
demand_ramp_5min_lagged,AEMO DISPATCHREGIONSUM / engineered demand history,latest closed demand interval or explicitly lagged history,yes,demand_history,numeric origin-aligned input in demand_history channel,True,training-fitted median imputation and standardised scalar,False,not applicable,forecast_safe,True
demand_ramp_15min_lagged,AEMO DISPATCHREGIONSUM / engineered demand history,latest closed demand interval or explicitly lagged history,yes,demand_history,numeric origin-aligned input in demand_history channel,True,training-fitted median imputation and standardised scalar,False,not applicable,forecast_safe,True
demand_ramp_1h_lagged,AEMO DISPATCHREGIONSUM / engineered demand history,latest closed demand interval or explicitly lagged history,yes,demand_history,numeric origin-aligned input in demand_history channel,True,training-fitted median imputation and standardised scalar,False,not applicable,forecast_safe,True
demand_ramp_volatility_1h,AEMO DISPATCHREGIONSUM / engineered demand history,latest closed demand interval or explicitly lagged history,yes,demand_history,numeric origin-aligned input in demand_history channel,True,training-fitted median imputation and standardised scalar,False,not applicable,forecast_safe,True
time_of_day_sin,Queensland calendar and deterministic timestamp engineering,known deterministically at forecast origin,yes,calendar,numeric origin-aligned input in calendar channel,True,training-fitted median imputation and standardised scalar,False,not applicable,forecast_safe,True
time_of_day_cos,Queensland calendar and deterministic timestamp engineering,known deterministically at forecast origin,yes,calendar,numeric origin-aligned input in calendar channel,True,training-fitted median imputation and standardised scalar,False,not applicable,forecast_safe,True
day_of_year_sin,Queensland calendar and deterministic timestamp engineering,known deterministically at forecast origin,yes,calendar,numeric origin-aligned input in calendar channel,True,training-fitted median imputation and standardised scalar,False,not applicable,forecast_safe,True
day_of_year_cos,Queensland calendar and deterministic timestamp engineering,known deterministically at forecast origin,yes,calendar,numeric origin-aligned input in calendar channel,True,training-fitted median imputation and standardised scalar,False,not applicable,forecast_safe,True
years_since_start,Queensland calendar and deterministic timestamp engineering,known deterministically at forecast origin,yes,calendar,numeric origin-aligned input in calendar channel,True,training-fitted median imputation and standardised scalar,False,not applicable,forecast_safe,True
dry_bulb_temp_lag_1h,Open-Meteo finalised historical weather / engineered hourly history,past valid-time historical proxy,unresolved,weather_history,numeric origin-aligned input in weather_history channel,True,training-fitted median imputation and standardised scalar,False,not applicable,research_proxy_deployment_unresolved,True
dry_bulb_temp_lag_3h,Open-Meteo finalised historical weather / engineered hourly history,past valid-time historical proxy,unresolved,weather_history,numeric origin-aligned input in weather_history channel,True,training-fitted median imputation and standardised scalar,False,not applicable,research_proxy_deployment_unresolved,True
dry_bulb_temp_lag_6h,Open-Meteo finalised historical weather / engineered hourly history,past valid-time historical proxy,unresolved,weather_history,numeric origin-aligned input in weather_history channel,True,training-fitted median imputation and standardised scalar,False,not applicable,research_proxy_deployment_unresolved,True
dry_bulb_temp_lag_24h,Open-Meteo finalised historical weather / engineered hourly history,past valid-time historical proxy,unresolved,weather_history,numeric origin-aligned input in weather_history channel,True,training-fitted median imputation and standardised scalar,False,not applicable,research_proxy_deployment_unresolved,True
dry_bulb_temp_mean_3h,Open-Meteo finalised historical weather / engineered hourly history,past valid-time historical proxy,unresolved,weather_history,numeric origin-aligned input in weather_history channel,True,training-fitted median imputation and standardised scalar,False,not applicable,research_proxy_deployment_unresolved,True
dry_bulb_temp_mean_24h,Open-Meteo finalised historical weather / engineered hourly history,past valid-time historical proxy,unresolved,weather_history,numeric origin-aligned input in weather_history channel,True,training-fitted median imputation and standardised scalar,False,not applicable,research_proxy_deployment_unresolved,True
observed_dry_bulb_temp_change_1h,Open-Meteo finalised historical weather / engineered hourly history,past valid-time historical proxy,unresolved,weather_history,numeric origin-aligned input in weather_history channel,True,training-fitted median imputation and standardised scalar,False,not applicable,research_proxy_deployment_unresolved,True
observed_dry_bulb_temp_change_6h,Open-Meteo finalised historical weather / engineered hourly history,past valid-time historical proxy,unresolved,weather_history,numeric origin-aligned input in weather_history channel,True,training-fitted median imputation and standardised scalar,False,not applicable,research_proxy_deployment_unresolved,True
availablegeneration_mw_lag_1,AEMO DISPATCHREGIONSUM,preceding dispatch interval,unresolved,system_context,numeric origin-aligned input in system_context channel,True,training-fitted median imputation and standardised scalar,False,not applicable,research_proxy_deployment_unresolved,True
total_solar_capacity_mw,Clean Energy Regulator capacity history,latest publication-lagged capacity available by origin,yes,structural_context,numeric origin-aligned input in structural_context channel,True,training-fitted median imputation and standardised scalar,False,not applicable,forecast_safe,True
total_wind_capacity_mw,Clean Energy Regulator capacity history,latest publication-lagged capacity available by origin,yes,structural_context,numeric origin-aligned input in structural_context channel,True,training-fitted median imputation and standardised scalar,False,not applicable,forecast_safe,True
total_qld_population,ABS Estimated Resident Population,latest publication available by origin,yes,structural_context,numeric origin-aligned input in structural_context channel,True,training-fitted median imputation and standardised scalar,False,not applicable,forecast_safe,True
solar_capacity_kw_per_capita,Clean Energy Regulator capacity history,latest publication-lagged capacity available by origin,yes,structural_context,numeric origin-aligned input in structural_context channel,True,training-fitted median imputation and standardised scalar,False,not applicable,forecast_safe,True
log_population,ABS Estimated Resident Population,latest publication available by origin,yes,structural_context,numeric origin-aligned input in structural_context channel,True,training-fitted median imputation and standardised scalar,False,not applicable,forecast_safe,True
soi_lag_1m,Bureau of Meteorology SOI history,one-month-lagged value for selected predictors,unresolved,climate_context,numeric origin-aligned input in climate_context channel,True,training-fitted median imputation and standardised scalar,False,not applicable,research_proxy_deployment_unresolved,True
soi_3m_mean_lag_1m,Bureau of Meteorology SOI history,one-month-lagged value for selected predictors,unresolved,climate_context,numeric origin-aligned input in climate_context channel,True,training-fitted median imputation and standardised scalar,False,not applicable,research_proxy_deployment_unresolved,True
is_weekend,Queensland calendar and deterministic timestamp engineering,known deterministically at forecast origin,yes,calendar,binary origin scalar in calendar channel,True,training-fitted most-frequent imputation and standardised scalar,False,not applicable,forecast_safe,True
is_public_holiday_qld,Queensland calendar and deterministic timestamp engineering,known deterministically at forecast origin,yes,calendar,binary origin scalar in calendar channel,True,training-fitted most-frequent imputation and standardised scalar,False,not applicable,forecast_safe,True
is_school_holiday_qld,Queensland calendar and deterministic timestamp engineering,known deterministically at forecast origin,yes,calendar,binary origin scalar in calendar channel,True,training-fitted most-frequent imputation and standardised scalar,False,not applicable,forecast_safe,True
is_day_before_public_holiday,Queensland calendar and deterministic timestamp engineering,known deterministically at forecast origin,yes,calendar,binary origin scalar in calendar channel,True,training-fitted most-frequent imputation and standardised scalar,False,not applicable,forecast_safe,True
is_day_after_public_holiday,Queensland calendar and deterministic timestamp engineering,known deterministically at forecast origin,yes,calendar,binary origin scalar in calendar channel,True,training-fitted most-frequent imputation and standardised scalar,False,not applicable,forecast_safe,True
is_workday,Queensland calendar and deterministic timestamp engineering,known deterministically at forecast origin,yes,calendar,binary origin scalar in calendar channel,True,training-fitted most-frequent imputation and standardised scalar,False,not applicable,forecast_safe,True
is_school_day,Queensland calendar and deterministic timestamp engineering,known deterministically at forecast origin,yes,calendar,binary origin scalar in calendar channel,True,training-fitted most-frequent imputation and standardised scalar,False,not applicable,forecast_safe,True
day_of_week,Queensland calendar and deterministic timestamp engineering,known deterministically at forecast origin,yes,calendar,categorical origin scalar in calendar channel,True,training-fitted most-frequent imputation and one-hot encoding,False,not applicable,forecast_safe,True
month,Queensland calendar and deterministic timestamp engineering,known deterministically at forecast origin,yes,calendar,categorical origin scalar in calendar channel,True,training-fitted most-frequent imputation and one-hot encoding,False,not applicable,forecast_safe,True
season,Queensland calendar and deterministic timestamp engineering,known deterministically at forecast origin,yes,calendar,categorical origin scalar in calendar channel,True,training-fitted most-frequent imputation and one-hot encoding,False,not applicable,forecast_safe,True
holiday_type,Queensland calendar and deterministic timestamp engineering,known deterministically at forecast origin,yes,calendar,categorical origin scalar in calendar channel,True,training-fitted most-frequent imputation and one-hot encoding,False,not applicable,forecast_safe,True
