grouping,group,model,observations,mean_nll,mean_crps_mw,coverage_50,coverage_80,coverage_95,mean_pit
season,Autumn,Empirical residual,105984,5.595866727116981,36.33842158448122,0.49995282306763283,0.7995923913043478,0.9493980223429952,0.5103368629742555
season,Autumn,Gaussian linear,105984,5.612916335498143,36.3554832576005,0.5369678442028986,0.8216900664251208,0.9488507699275363,0.4993736939597504
season,Autumn,Student-t linear,105984,5.589161339657621,36.23835174432375,0.4987073520531401,0.7996773097826086,0.9502849486714976,0.4959852201350427
season,Spring,Empirical residual,104832,5.6279712633207595,37.55221596019236,0.4862541971916972,0.7875267094017094,0.9429181929181929,0.5063657778529789
season,Spring,Gaussian linear,104832,5.6481537112652855,37.5265329383598,0.5212339743589743,0.8093425671550671,0.9429754273504274,0.49545264594974253
season,Spring,Student-t linear,104832,5.620299540721884,37.391295017521415,0.48430822649572647,0.7871356074481074,0.9452838827838828,0.4943625520270225
season,Summer,Empirical residual,103944,5.670208934261181,38.95086940703779,0.48075887016085583,0.775561840991303,0.9314919572077273,0.5173664533998915
season,Summer,Gaussian linear,103944,5.686955964387446,38.77580914431183,0.5171053644269992,0.7997383206341876,0.932733010082352,0.507005418687513
season,Summer,Student-t linear,103944,5.6570041865745315,38.65319755689688,0.47938312937735705,0.7772935426768259,0.9349168783190949,0.507092363569242
season,Winter,Empirical residual,105984,5.632302158838244,37.65173745174582,0.489555027173913,0.7847316576086957,0.9394625603864735,0.5067594848396575
season,Winter,Gaussian linear,105984,5.648789204655801,37.65841356634329,0.5240885416666666,0.806244338768116,0.9391040157004831,0.4962070096659892
season,Winter,Student-t linear,105984,5.628377274302429,37.570002915323876,0.48660175120772947,0.783335220410628,0.9413779438405797,0.4940698772874794
time_block,Afternoon,Empirical residual,105192,5.7351880033614115,41.336063983417674,0.4550631226709255,0.7492965244505285,0.9196231652597155,0.5582028322082353
time_block,Afternoon,Gaussian linear,105192,5.758010708054189,41.03494048842943,0.4913871777321469,0.7757243896874287,0.9227983116586813,0.5465973889021947
time_block,Afternoon,Student-t linear,105192,5.721009176624278,41.01369518963927,0.45552893756179175,0.7528709407559511,0.9248992318807514,0.5491161523590149
time_block,Evening,Empirical residual,105168,5.581305886426909,35.76446395945469,0.4958542522440286,0.8012893655864902,0.954073482428115,0.47475984847647695
time_block,Evening,Gaussian linear,105168,5.593809523918339,35.98473712954391,0.5286589076525179,0.8197170241898677,0.9526567016582991,0.4655492644759142
time_block,Evening,Student-t linear,105168,5.580175245289167,35.87860188717666,0.48922676099193674,0.7958979917845732,0.9547581013235965,0.46460776079262534
time_block,Morning,Empirical residual,105192,5.79668571906538,43.61003430100983,0.42733287702486883,0.7229922427561031,0.9098220396988365,0.43234659030391975
time_block,Morning,Gaussian linear,105192,5.820551653544536,43.610481332563886,0.4567742794128831,0.7434215529698076,0.906114533424595,0.4237764716018439
time_block,Morning,Student-t linear,105192,5.80084858687099,43.868503492768895,0.41795954064947904,0.7152825309909498,0.9086527492584987,0.41857163347130316
time_block,Overnight,Empirical residual,105192,5.41244860897312,29.757291163359195,0.5784660430450985,0.8740493573655791,0.9799129211346871,0.5754144477271922
time_block,Overnight,Gaussian linear,105192,5.423710060048196,29.66308275387425,0.6227659898091109,0.8983382766750323,0.9822324891626739,0.5620069599663936
time_block,Overnight,Student-t linear,105192,5.3921910889614795,29.06939519458241,0.5864704540269222,0.8835747965624763,0.9836869723933379,0.559066664613897
ramp_severity,Extreme (> training p95),Empirical residual,26791,6.587764692316194,71.33917319577012,0.22559814863200328,0.4672464633645627,0.7444664252920757,0.537383473140931
ramp_severity,Extreme (> training p95),Gaussian linear,26791,6.752601778881537,70.83907943697072,0.24762046956067335,0.49587548057183384,0.7434586241648314,0.5278924439818502
ramp_severity,Extreme (> training p95),Student-t linear,26791,6.559824545251725,71.09570354536285,0.22727781717741033,0.4689261319099698,0.7516703370534881,0.5270747066366885
ramp_severity,High (training p80–p95),Empirical residual,74676,5.762769408025201,42.304986682949554,0.4223177459960362,0.729016015855161,0.920175156676844,0.4848985540431031
ramp_severity,High (training p80–p95),Gaussian linear,74676,5.773072658503579,42.30268199906204,0.4497696716481868,0.7506427767957576,0.9211527130537255,0.4771051949454803
ramp_severity,High (training p80–p95),Student-t linear,74676,5.761923855089689,42.45052652247263,0.41188601424821897,0.7233649365257914,0.9232953023729177,0.4753944529483954
ramp_severity,Ordinary (≤ training p80),Empirical residual,319277,5.520436987201808,33.69093644031888,0.5269342921663633,0.8272691111480001,0.9621739116817059,0.513814305860272
ramp_severity,Ordinary (≤ training p80),Gaussian linear,319277,5.527406836336154,33.67589331371036,0.5657344562871738,0.8493189299573725,0.9621519871459578,0.5023350078736089
ramp_severity,Ordinary (≤ training p80),Student-t linear,319277,5.512632641529722,33.46722862624932,0.5267526317273089,0.8284499040018541,0.9636616480360314,0.5006399098722701
