postcode,region,reason
4001,brisbane,Non-spatial 2016 POA; assigned to the nearest project node Brisbane
4002,brisbane,Non-spatial 2016 POA; assigned to the nearest project node Brisbane
4004,brisbane,Non-spatial 2016 POA; assigned to the nearest project node Brisbane
4062,brisbane,Non-spatial 2016 POA; assigned to the nearest project node Brisbane
4063,brisbane,Non-spatial 2016 POA; assigned to the nearest project node Brisbane
4219,brisbane,Non-spatial 2016 POA; assigned to the nearest project node Brisbane
4237,brisbane,Non-spatial 2016 POA; assigned to the nearest project node Brisbane
4276,brisbane,Non-spatial 2016 POA; assigned to the nearest project node Brisbane
4314,brisbane,Non-spatial 2016 POA; assigned to the nearest project node Brisbane
4857,cairns_atherton,Non-spatial 2016 POA; assigned to the nearest project node Cairns / Atherton
