start,end,holiday_type
2015-01-26 00:00:00,2015-01-26 23:55:00,Australia Day
2015-04-03 00:00:00,2015-04-03 23:55:00,Good Friday
2015-04-04 00:00:00,2015-04-04 23:55:00,The day after Good Friday
2015-04-06 00:00:00,2015-04-06 23:55:00,Easter Monday
2015-04-25 00:00:00,2015-04-25 23:55:00,Anzac Day
2015-06-08 00:00:00,2015-06-08 23:55:00,Queen's Birthday
2015-10-05 00:00:00,2015-10-05 23:55:00,Labour Day
2015-12-25 00:00:00,2015-12-25 23:55:00,Christmas Day
2015-12-26 00:00:00,2015-12-26 23:55:00,Boxing Day
2015-12-28 00:00:00,2015-12-28 23:55:00,Boxing Day (observed)
2016-01-01 00:00:00,2016-01-01 23:55:00,New Year's Day
2016-01-26 00:00:00,2016-01-26 23:55:00,Australia Day
2016-03-25 00:00:00,2016-03-25 23:55:00,Good Friday
2016-03-26 00:00:00,2016-03-26 23:55:00,The day after Good Friday
2016-03-28 00:00:00,2016-03-28 23:55:00,Easter Monday
2016-04-25 00:00:00,2016-04-25 23:55:00,Anzac Day
2016-05-02 00:00:00,2016-05-02 23:55:00,Labour Day
2016-10-03 00:00:00,2016-10-03 23:55:00,Queen's Birthday
2016-12-25 00:00:00,2016-12-25 23:55:00,Christmas Day
2016-12-26 00:00:00,2016-12-26 23:55:00,Boxing Day
2016-12-27 00:00:00,2016-12-27 23:55:00,Christmas Day (observed)
2017-01-01 00:00:00,2017-01-01 23:55:00,New Year's Day
2017-01-02 00:00:00,2017-01-02 23:55:00,New Year's Day (observed)
2017-01-26 00:00:00,2017-01-26 23:55:00,Australia Day
2017-04-14 00:00:00,2017-04-14 23:55:00,Good Friday
2017-04-15 00:00:00,2017-04-15 23:55:00,The day after Good Friday
2017-04-16 00:00:00,2017-04-16 23:55:00,Easter Sunday
2017-04-17 00:00:00,2017-04-17 23:55:00,Easter Monday
2017-04-25 00:00:00,2017-04-25 23:55:00,Anzac Day
2017-05-01 00:00:00,2017-05-01 23:55:00,Labour Day
2017-10-02 00:00:00,2017-10-02 23:55:00,Queen's Birthday
2017-12-25 00:00:00,2017-12-25 23:55:00,Christmas Day
2017-12-26 00:00:00,2017-12-26 23:55:00,Boxing Day
2018-01-01 00:00:00,2018-01-01 23:55:00,New Year's Day
2018-01-26 00:00:00,2018-01-26 23:55:00,Australia Day
2018-03-30 00:00:00,2018-03-30 23:55:00,Good Friday
2018-03-31 00:00:00,2018-03-31 23:55:00,The day after Good Friday
2018-04-01 00:00:00,2018-04-01 23:55:00,Easter Sunday
2018-04-02 00:00:00,2018-04-02 23:55:00,Easter Monday
2018-04-25 00:00:00,2018-04-25 23:55:00,Anzac Day
2018-05-07 00:00:00,2018-05-07 23:55:00,Labour Day
2018-10-01 00:00:00,2018-10-01 23:55:00,Queen's Birthday
2018-12-25 00:00:00,2018-12-25 23:55:00,Christmas Day
2018-12-26 00:00:00,2018-12-26 23:55:00,Boxing Day
2019-01-01 00:00:00,2019-01-01 23:55:00,New Year's Day
2019-01-28 00:00:00,2019-01-28 23:55:00,Australia Day (observed)
2019-04-19 00:00:00,2019-04-19 23:55:00,Good Friday
2019-04-20 00:00:00,2019-04-20 23:55:00,The day after Good Friday
2019-04-21 00:00:00,2019-04-21 23:55:00,Easter Sunday
2019-04-22 00:00:00,2019-04-22 23:55:00,Easter Monday
2019-04-25 00:00:00,2019-04-25 23:55:00,Anzac Day
2019-05-06 00:00:00,2019-05-06 23:55:00,Labour Day
2019-10-07 00:00:00,2019-10-07 23:55:00,Queen's Birthday
2019-12-24 18:00:00,2019-12-24 23:55:00,Christmas Eve (6pm to midnight)
2019-12-25 00:00:00,2019-12-25 23:55:00,Christmas Day
2019-12-26 00:00:00,2019-12-26 23:55:00,Boxing Day
2020-01-01 00:00:00,2020-01-01 23:55:00,New Year's Day
2020-01-27 00:00:00,2020-01-27 23:55:00,Australia Day (observed)
2020-04-10 00:00:00,2020-04-10 23:55:00,Good Friday
2020-04-11 00:00:00,2020-04-11 23:55:00,The day after Good Friday
2020-04-12 00:00:00,2020-04-12 23:55:00,Easter Sunday
2020-04-13 00:00:00,2020-04-13 23:55:00,Easter Monday
2020-04-25 00:00:00,2020-04-25 23:55:00,Anzac Day
2020-05-04 00:00:00,2020-05-04 23:55:00,Labour Day
2020-10-05 00:00:00,2020-10-05 23:55:00,Queen's Birthday
2020-12-24 18:00:00,2020-12-24 23:55:00,Christmas Eve (6pm to midnight)
2020-12-25 00:00:00,2020-12-25 23:55:00,Christmas Day
2020-12-26 00:00:00,2020-12-26 23:55:00,Boxing Day
2020-12-28 00:00:00,2020-12-28 23:55:00,Boxing Day (observed)
