sa2_code,sa2_name,region_slug
301011001,Alexandra Hills,brisbane
301011002,Belmont - Gumdale,brisbane
301011003,Birkdale,brisbane
301011004,Capalaba,brisbane
301011005,Thorneside,brisbane
301011006,Wellington Point,brisbane
301021007,Cleveland,brisbane
301021008,Ormiston,brisbane
301021009,Redland Bay,brisbane
301021011,Sheldon - Mount Cotton,brisbane
301021012,Thornlands,brisbane
301021013,Victoria Point,brisbane
301021527,Redland Islands,brisbane
301031014,Brisbane Port - Lytton,brisbane
301031015,Manly - Lota,brisbane
301031016,Manly West,brisbane
301031017,Murarrie,brisbane
301031018,Tingalpa,brisbane
301031019,Wakerley,brisbane
301031020,Wynnum,brisbane
301031021,Wynnum West - Hemmant,brisbane
302011022,Bald Hills,brisbane
302011023,Bridgeman Downs,brisbane
302011024,Carseldine,brisbane
302011025,Everton Park,brisbane
302011026,McDowall,brisbane
302021027,Aspley,brisbane
302021028,Chermside,brisbane
302021029,Chermside West,brisbane
302021030,Geebung,brisbane
302021031,Kedron - Gordon Park,brisbane
302021032,Stafford,brisbane
302021033,Stafford Heights,brisbane
302021034,Wavell Heights,brisbane
302031035,Boondall,brisbane
302031036,Brisbane Airport,brisbane
302031037,Eagle Farm - Pinkenba,brisbane
302031038,Northgate - Virginia,brisbane
302031039,Nudgee - Banyo,brisbane
302031040,Nundah,brisbane
302041041,Bracken Ridge,brisbane
302041042,Brighton (Qld),brisbane
302041043,Deagon,brisbane
302041044,Sandgate - Shorncliffe,brisbane
302041045,Taigum - Fitzgibbon,brisbane
302041046,Zillmere,brisbane
303011047,Camp Hill,brisbane
303011048,Cannon Hill,brisbane
303011049,Carina,brisbane
303011050,Carina Heights,brisbane
303011051,Carindale,brisbane
303021052,Annerley,brisbane
303021053,Coorparoo,brisbane
303021054,Fairfield - Dutton Park,brisbane
303021055,Greenslopes,brisbane
303021056,Holland Park,brisbane
303021057,Holland Park West,brisbane
303021058,Woolloongabba,brisbane
303021059,Yeronga,brisbane
303031060,Eight Mile Plains,brisbane
303031061,Macgregor (Qld),brisbane
303031062,Mansfield (Qld),brisbane
303031063,Mount Gravatt,brisbane
303031064,Rochedale - Burbank,brisbane
303031065,Upper Mount Gravatt,brisbane
303031066,Wishart,brisbane
303041067,Coopers Plains,brisbane
303041068,Moorooka,brisbane
303041069,Robertson,brisbane
303041070,Salisbury - Nathan,brisbane
303041071,Tarragindi,brisbane
303051072,Algester,brisbane
303051073,Calamvale - Stretton,brisbane
303051074,Pallara - Willawong,brisbane
303051075,Parkinson - Drewvale,brisbane
303051076,Rocklea - Acacia Ridge,brisbane
303061077,Kuraby,brisbane
303061078,Runcorn,brisbane
303061079,Sunnybank,brisbane
303061080,Sunnybank Hills,brisbane
304011081,Jindalee - Mount Ommaney,brisbane
304011082,Middle Park - Jamboree Heights,brisbane
304011083,Riverhills,brisbane
304011084,Seventeen Mile Rocks - Sinnamon Park,brisbane
304011085,Westlake,brisbane
304021086,Bellbowrie - Moggill,brisbane
304021087,Brookfield - Kenmore Hills,brisbane
304021088,Chapel Hill,brisbane
304021089,Fig Tree Pocket,brisbane
304021090,Kenmore,brisbane
304021091,Pinjarra Hills - Pullenvale,brisbane
304031092,Chelmer - Graceville,brisbane
304031093,Corinda,brisbane
304031094,Indooroopilly,brisbane
304031095,Sherwood,brisbane
304031096,St Lucia,brisbane
304031097,Taringa,brisbane
304041098,Enoggera,brisbane
304041099,Enoggera Reservoir,brisbane
304041100,Keperra,brisbane
304041101,Mitchelton,brisbane
304041102,Mount Coot-tha,brisbane
304041103,The Gap,brisbane
304041104,Upper Kedron - Ferny Grove,brisbane
305011105,Brisbane City,brisbane
305011106,Fortitude Valley,brisbane
305011107,Highgate Hill,brisbane
305011108,Kangaroo Point,brisbane
305011109,New Farm,brisbane
305011110,South Brisbane,brisbane
305011111,Spring Hill,brisbane
305011112,West End,brisbane
305021113,Balmoral,brisbane
305021114,Bulimba,brisbane
305021115,East Brisbane,brisbane
305021116,Hawthorne,brisbane
305021117,Morningside - Seven Hills,brisbane
305021118,Norman Park,brisbane
305031119,Albion,brisbane
305031120,Alderley,brisbane
305031121,Ascot,brisbane
305031122,Clayfield,brisbane
305031123,Grange,brisbane
305031124,Hamilton (Qld),brisbane
305031125,Hendra,brisbane
305031126,Kelvin Grove - Herston,brisbane
305031127,Newmarket,brisbane
305031128,Newstead - Bowen Hills,brisbane
305031129,Wilston,brisbane
305031130,Windsor,brisbane
305031131,Wooloowin - Lutwyche,brisbane
305041132,Ashgrove,brisbane
305041133,Auchenflower,brisbane
305041134,Bardon,brisbane
305041135,Paddington - Milton,brisbane
305041136,Red Hill (Qld),brisbane
305041137,Toowong,brisbane
306011138,Brinsmead,cairns_atherton
306011139,Clifton Beach - Kewarra Beach,cairns_atherton
306011140,Freshwater - Stratford,cairns_atherton
306011141,Redlynch,cairns_atherton
306011142,Trinity Beach - Smithfield,cairns_atherton
306011143,Yorkeys Knob - Machans Beach,cairns_atherton
306021144,Bentley Park,cairns_atherton
306021145,Cairns City,cairns_atherton
306021146,Earlville - Bayview Heights,cairns_atherton
306021147,Edmonton,cairns_atherton
306021148,Gordonvale - Trinity,cairns_atherton
306021149,Kanimbla - Mooroobool,cairns_atherton
306021150,Lamb Range,cairns_atherton
306021151,Manoora,cairns_atherton
306021152,Manunda,cairns_atherton
306021153,Mount Sheridan,cairns_atherton
306021154,Westcourt - Bungalow,cairns_atherton
306021155,White Rock,cairns_atherton
306021156,Whitfield - Edge Hill,cairns_atherton
306021157,Woree,cairns_atherton
306031158,Babinda,cairns_atherton
306031159,Innisfail,cairns_atherton
306031160,Johnstone,cairns_atherton
306031161,Tully,cairns_atherton
306031162,Wooroonooran,cairns_atherton
306031163,Yarrabah,cairns_atherton
306041164,Daintree,cairns_atherton
306041165,Port Douglas,cairns_atherton
306051166,Atherton,cairns_atherton
306051167,Herberton,cairns_atherton
306051168,Kuranda,cairns_atherton
306051169,Malanda - Yungaburra,cairns_atherton
306051170,Mareeba,cairns_atherton
307011171,Balonne,dalby_chinchilla
307011172,Chinchilla,dalby_chinchilla
307011173,Goondiwindi,dalby_chinchilla
307011174,Inglewood - Waggamba,dalby_chinchilla
307011175,Miles - Wandoan,dalby_chinchilla
307011176,Roma,dalby_chinchilla
307011177,Roma Region,dalby_chinchilla
307011178,Tara,dalby_chinchilla
307021179,Crows Nest - Rosalie,dalby_chinchilla
307021180,Jondaryan,dalby_chinchilla
307021181,Millmerran,dalby_chinchilla
307021182,Pittsworth,dalby_chinchilla
307021183,Wambo,dalby_chinchilla
307031184,Clifton - Greenmount,dalby_chinchilla
307031185,Southern Downs - East,brisbane
307031186,Southern Downs - West,dalby_chinchilla
307031187,Stanthorpe,dalby_chinchilla
307031188,Stanthorpe Region,dalby_chinchilla
307031189,Warwick,dalby_chinchilla
308011190,Central Highlands - East,emerald_gladstone
308011191,Central Highlands - West,emerald_gladstone
308011192,Emerald,emerald_gladstone
308031205,Berserker,emerald_gladstone
308031206,Bouldercombe,emerald_gladstone
308031207,Emu Park,emerald_gladstone
308031208,Frenchville - Mount Archer,emerald_gladstone
308031209,Glenlee - Rockyview,emerald_gladstone
308031210,Gracemere,emerald_gladstone
308031211,Lakes Creek,emerald_gladstone
308031212,Mount Morgan,emerald_gladstone
308031213,Norman Gardens,emerald_gladstone
308031214,Park Avenue,emerald_gladstone
308031215,Parkhurst - Kawana,emerald_gladstone
308031216,Rockhampton - West,emerald_gladstone
308031217,Rockhampton City,emerald_gladstone
308031218,Rockhampton Region - East,emerald_gladstone
308031219,Rockhampton Region - North,emerald_gladstone
308031220,Rockhampton Region - West,emerald_gladstone
308031221,Shoalwater Bay,emerald_gladstone
308031222,The Range - Allenstown,emerald_gladstone
308031223,Yeppoon,emerald_gladstone
308041528,Banana,emerald_gladstone
308041529,Biloela,emerald_gladstone
308051530,Agnes Water - Miriam Vale,dalby_chinchilla
308051531,Boyne Island - Tannum Sands,emerald_gladstone
308051532,Callemondah,emerald_gladstone
308051533,Clinton - New Auckland,emerald_gladstone
308051534,Gladstone,emerald_gladstone
308051535,Gladstone Hinterland,emerald_gladstone
308051536,Kin Kora - Sun Valley,emerald_gladstone
308051537,South Trees,emerald_gladstone
308051538,Telina - Toolooa,emerald_gladstone
308051539,West Gladstone,emerald_gladstone
309011224,Broadbeach Waters,brisbane
309011225,Burleigh Heads,brisbane
309011226,Burleigh Waters,brisbane
309011227,Mermaid Beach - Broadbeach,brisbane
309011228,Mermaid Waters,brisbane
309011229,Miami,brisbane
309021230,Coolangatta,brisbane
309021231,Currumbin - Tugun,brisbane
309021232,Currumbin Waters,brisbane
309021233,Elanora,brisbane
309021234,Palm Beach,brisbane
309031235,Arundel,brisbane
309031236,Biggera Waters,brisbane
309031237,Coombabah,brisbane
309031238,Labrador,brisbane
309031239,Paradise Point - Hollywell,brisbane
309031240,Runaway Bay,brisbane
309041241,Guanaba - Springbrook,brisbane
309041242,Tamborine - Canungra,brisbane
309051243,Currumbin Valley - Tallebudgera,brisbane
309051244,Mudgeeraba - Bonogin,brisbane
309051245,Reedy Creek - Andrews,brisbane
309061246,Carrara,brisbane
309061247,Highland Park,brisbane
309061248,Nerang - Mount Nathan,brisbane
309061249,Pacific Pines - Gaven,brisbane
309061250,Worongary - Tallai,brisbane
309071251,Coomera,brisbane
309071252,Helensvale,brisbane
309071253,Hope Island,brisbane
309071254,Jacobs Well - Alberton,brisbane
309071255,Ormeau - Yatala,brisbane
309071256,Oxenford - Maudsland,brisbane
309071257,Pimpama,brisbane
309071258,Upper Coomera - Willow Vale,brisbane
309081259,Clear Island Waters,brisbane
309081260,Merrimac,brisbane
309081261,Robina,brisbane
309081262,Varsity Lakes,brisbane
309091263,Ashmore,brisbane
309091264,Molendinar,brisbane
309091265,Parkwood,brisbane
309091540,Southport - North,brisbane
309091541,Southport - South,brisbane
309101267,Benowa,brisbane
309101268,Bundall,brisbane
309101269,Main Beach,brisbane
309101270,Surfers Paradise,brisbane
310011271,Darra - Sumner,brisbane
310011272,Durack,brisbane
310011273,Forest Lake - Doolandella,brisbane
310011274,Inala - Richlands,brisbane
310011275,Oxley (Qld),brisbane
310011276,Wacol,brisbane
310021277,Boonah,brisbane
310021278,Esk,brisbane
310021279,Lake Manchester - England Creek,brisbane
310021280,Lockyer Valley - East,brisbane
310021281,Lowood,brisbane
310021282,Rosewood,brisbane
310031283,Brassall,brisbane
310031284,Bundamba,brisbane
310031285,Churchill - Yamanto,brisbane
310031286,Ipswich - Central,brisbane
310031287,Ipswich - East,brisbane
310031288,Ipswich - North,brisbane
310031289,Karalee - Barellan Point,brisbane
310031290,Karana Downs,brisbane
310031291,Leichhardt - One Mile,brisbane
310031292,North Ipswich - Tivoli,brisbane
310031293,Raceview,brisbane
310031294,Ripley,brisbane
310031295,Riverview,brisbane
310041296,Bellbird Park - Brookwater,brisbane
310041297,Camira - Gailes,brisbane
310041298,Carole Park,brisbane
310041299,Collingwood Park - Redbank,brisbane
310041300,Goodna,brisbane
310041301,New Chum,brisbane
310041302,Redbank Plains,brisbane
310041303,Springfield,brisbane
310041304,Springfield Lakes,brisbane
311011305,Beaudesert,brisbane
311021306,Beenleigh,brisbane
311021307,Eagleby,brisbane
311021308,Edens Landing - Holmview,brisbane
311021309,Mount Warren Park,brisbane
311021310,Wolffdene - Bahrs Scrub,brisbane
311031311,Boronia Heights - Park Ridge,brisbane
311031312,Browns Plains,brisbane
311031313,Chambers Flat - Logan Reserve,brisbane
311031314,Crestmead,brisbane
311031315,Greenbank Military Camp,brisbane
311031316,Hillcrest,brisbane
311031317,Marsden,brisbane
311031318,Munruben - Park Ridge South,brisbane
311031319,Regents Park - Heritage Park,brisbane
311041320,Greenbank,brisbane
311041321,Jimboomba,brisbane
311041322,Logan Village,brisbane
311051323,Bethania - Waterford,brisbane
311051324,Cornubia - Carbrook,brisbane
311051325,Loganholme - Tanah Merah,brisbane
311051326,Loganlea,brisbane
311051327,Shailer Park,brisbane
311051328,Waterford West,brisbane
311061329,Daisy Hill,brisbane
311061330,Kingston (Qld.),brisbane
311061331,Logan Central,brisbane
311061332,Rochedale South - Priestdale,brisbane
311061333,Slacks Creek,brisbane
311061334,Springwood,brisbane
311061335,Underwood,brisbane
311061336,Woodridge,brisbane
312011337,Bowen,townsville_burdekin
312011338,Broadsound - Nebo,emerald_gladstone
312011339,Clermont,emerald_gladstone
312011340,Collinsville,townsville_burdekin
312011341,Moranbah,emerald_gladstone
312021342,Andergrove - Beaconsfield,emerald_gladstone
312021343,East Mackay,emerald_gladstone
312021344,Eimeo - Rural View,emerald_gladstone
312021345,Eungella Hinterland,townsville_burdekin
312021346,Mackay,emerald_gladstone
312021347,Mackay Harbour,emerald_gladstone
312021348,Mount Pleasant - Glenella,emerald_gladstone
312021349,North Mackay,emerald_gladstone
312021350,Ooralea - Bakers Creek,emerald_gladstone
312021351,Pioneer Valley,emerald_gladstone
312021352,Sarina,emerald_gladstone
312021353,Seaforth - Calen,townsville_burdekin
312021354,Shoal Point - Bucasia,emerald_gladstone
312021355,Slade Point,emerald_gladstone
312021356,South Mackay,emerald_gladstone
312021357,Walkerston - Eton,emerald_gladstone
312021358,West Mackay,emerald_gladstone
312031359,Airlie - Whitsundays,townsville_burdekin
312031360,Cape Conway,townsville_burdekin
312031361,Proserpine,townsville_burdekin
313011362,Beachmere - Sandstone Point,brisbane
313011363,Bribie Island,brisbane
313021364,Burpengary - East,brisbane
313021365,Caboolture,brisbane
313021366,Caboolture - South,brisbane
313021367,Elimbah,brisbane
313021368,Morayfield - East,brisbane
313021369,Wamuran,brisbane
313031370,Kilcoy,brisbane
313031371,Woodford - D'Aguilar,brisbane
313041372,Burpengary,brisbane
313041373,Deception Bay,brisbane
313041374,Morayfield,brisbane
313041375,Narangba,brisbane
313041376,Upper Caboolture,brisbane
313051377,Clontarf,brisbane
313051378,Margate - Woody Point,brisbane
313051379,Redcliffe,brisbane
313051380,Rothwell - Kippa-Ring,brisbane
313051542,Scarborough - Newport - Moreton Island,brisbane
314011382,Albany Creek,brisbane
314011383,Cashmere,brisbane
314011384,Dayboro,brisbane
314011385,Eatons Hill,brisbane
314011386,The Hills District,brisbane
314011387,Samford Valley,brisbane
314021388,Dakabin - Kallangur,brisbane
314021389,Murrumba Downs - Griffin,brisbane
314021390,North Lakes - Mango Hill,brisbane
314031391,Bray Park,brisbane
314031392,Lawnton,brisbane
314031393,Petrie,brisbane
314031394,Strathpine - Brendale,brisbane
315011395,Aurukun,cairns_atherton
315011396,Cape York,cairns_atherton
315011397,Croydon - Etheridge,cairns_atherton
315011398,Kowanyama - Pormpuraaw,cairns_atherton
315011399,Northern Peninsula,cairns_atherton
315011400,Tablelands,cairns_atherton
315011401,Torres,cairns_atherton
315011402,Torres Strait Islands,cairns_atherton
315011403,Weipa,cairns_atherton
315021404,Carpentaria,cairns_atherton
315021405,Mount Isa,townsville_burdekin
315021406,Mount Isa Region,townsville_burdekin
315021407,Northern Highlands,townsville_burdekin
315031408,Barcaldine - Blackall,emerald_gladstone
315031409,Charleville,emerald_gladstone
315031410,Far Central West,emerald_gladstone
315031411,Far South West,emerald_gladstone
315031412,Longreach,emerald_gladstone
316011413,Buderim - North,brisbane
316011414,Buderim - South,brisbane
316011415,Mountain Creek,brisbane
316011416,Sippy Downs,brisbane
316021417,Aroona - Currimundi,brisbane
316021418,Buddina - Minyama,brisbane
316021419,Caloundra - Kings Beach,brisbane
316021420,Caloundra - West,brisbane
316021421,Golden Beach - Pelican Waters,brisbane
316021422,Moffat Beach - Battery Hill,brisbane
316021423,Parrearra - Warana,brisbane
316021424,Wurtulla - Birtinya,brisbane
316031425,Coolum Beach,brisbane
316031426,Marcoola - Mudjimba,brisbane
316031427,Maroochydore - Kuluin,brisbane
316031428,Mooloolaba - Alexandra Headland,brisbane
316051434,Noosa Heads,brisbane
316051435,Noosaville,brisbane
316051437,Sunshine Beach,brisbane
316051438,Tewantin,brisbane
316051543,Peregian Beach - Marcus Beach,brisbane
316051544,Peregian Springs,brisbane
316061439,Beerwah,brisbane
316061440,Caloundra Hinterland,brisbane
316061441,Glass House Mountains,brisbane
316061442,Landsborough,brisbane
316061443,Maroochy Hinterland,brisbane
316061444,Palmwoods,brisbane
316071545,Bli Bli,brisbane
316071546,Diddillibah - Rosemount,brisbane
316071547,Eumundi - Yandina,brisbane
316071548,Nambour,brisbane
316081549,Noosa Hinterland,brisbane
317011445,Cambooya - Wyreema,dalby_chinchilla
317011446,Darling Heights,dalby_chinchilla
317011447,Drayton - Harristown,dalby_chinchilla
317011448,Gatton,brisbane
317011449,Gowrie (Qld),dalby_chinchilla
317011450,Highfields,dalby_chinchilla
317011451,Lockyer Valley - West,brisbane
317011452,Middle Ridge,dalby_chinchilla
317011453,Newtown (Qld),dalby_chinchilla
317011454,North Toowoomba - Harlaxton,dalby_chinchilla
317011455,Rangeville,dalby_chinchilla
317011456,Toowoomba - Central,dalby_chinchilla
317011457,Toowoomba - East,dalby_chinchilla
317011458,Toowoomba - West,dalby_chinchilla
317011459,Wilsonton,dalby_chinchilla
318011460,Ayr,townsville_burdekin
318011461,Burdekin,townsville_burdekin
318011462,Charters Towers,townsville_burdekin
318011463,Dalrymple,townsville_burdekin
318011464,Ingham,townsville_burdekin
318011465,Ingham Region,townsville_burdekin
318011466,Palm Island,townsville_burdekin
318021467,Aitkenvale,townsville_burdekin
318021468,Annandale,townsville_burdekin
318021469,Belgian Gardens - Pallarenda,townsville_burdekin
318021470,Bohle Plains,townsville_burdekin
318021471,Condon - Rasmussen,townsville_burdekin
318021472,Cranbrook,townsville_burdekin
318021473,Deeragun,townsville_burdekin
318021474,Douglas,townsville_burdekin
318021475,Garbutt - West End,townsville_burdekin
318021476,Gulliver - Currajong - Vincent,townsville_burdekin
318021477,Heatley,townsville_burdekin
318021478,Hermit Park - Rosslea,townsville_burdekin
318021479,Hyde Park - Pimlico,townsville_burdekin
318021480,Kelso,townsville_burdekin
318021481,Kirwan - East,townsville_burdekin
318021482,Kirwan - West,townsville_burdekin
318021483,Magnetic Island,townsville_burdekin
318021484,Mount Louisa,townsville_burdekin
318021485,Mundingburra,townsville_burdekin
318021486,Northern Beaches,townsville_burdekin
318021487,Oonoonba,townsville_burdekin
318021488,South Townsville - Railway Estate,townsville_burdekin
318021489,Townsville - South,townsville_burdekin
318021490,Townsville City - North Ward,townsville_burdekin
318021491,Wulguru - Roseneath,townsville_burdekin
319011492,Ashfield - Kepnock,dalby_chinchilla
319011493,Bargara - Burnett Heads,dalby_chinchilla
319011494,Branyan - Kensington,dalby_chinchilla
319011495,Bundaberg,dalby_chinchilla
319011496,Bundaberg East - Kalkie,dalby_chinchilla
319011497,Bundaberg North - Gooburrum,dalby_chinchilla
319011498,Bundaberg Region - North,dalby_chinchilla
319011499,Bundaberg Region - South,dalby_chinchilla
319011500,Millbank - Avoca,dalby_chinchilla
319011501,Svensson Heights - Norville,dalby_chinchilla
319011502,Walkervale - Avenell Heights,dalby_chinchilla
319021503,Gayndah - Mundubbera,dalby_chinchilla
319021504,Gin Gin,dalby_chinchilla
319021505,Kingaroy,dalby_chinchilla
319021506,Kingaroy Region - North,dalby_chinchilla
319021507,Kingaroy Region - South,dalby_chinchilla
319021508,Monto - Eidsvold,dalby_chinchilla
319021509,Nanango,dalby_chinchilla
319021510,North Burnett,dalby_chinchilla
319031511,Cooloola,brisbane
319031512,Gympie - North,brisbane
319031513,Gympie - South,brisbane
319031514,Gympie Region,brisbane
319031515,Kilkivan,dalby_chinchilla
319041516,Booral - River Heads,brisbane
319041517,Craignish - Dundowran Beach,brisbane
319041518,Pialba - Eli Waters,brisbane
319041519,Point Vernon,brisbane
319041520,Torquay - Scarness - Kawungan,brisbane
319041521,Urangan - Wondunna,brisbane
319051522,Burrum - Fraser,brisbane
319051523,Granville,brisbane
319051524,Maryborough (Qld),brisbane
319051525,Maryborough Region - South,brisbane
319051526,Tinana,brisbane
