contract_id,contract_sha256,context,position,feature,route,availability,fold_transformation,region_position
rr_public_feature_contract_v1,3583c8cd388d75aaa74f43c7741574dd0266f69bffc230e86fd4c0d9ac8ec99c,demand_history,0,totaldemand_mw,causal temporal history; exact 505 states for TCN; the original Ridge uses its separately declared 55-feature endpoint contract,closed AEMO dispatch intervals at or before the forecast origin,training-fold z-score per channel,
rr_public_feature_contract_v1,3583c8cd388d75aaa74f43c7741574dd0266f69bffc230e86fd4c0d9ac8ec99c,demand_history,1,demand_lag_5min,causal temporal history; exact 505 states for TCN; the original Ridge uses its separately declared 55-feature endpoint contract,closed AEMO dispatch intervals at or before the forecast origin,training-fold z-score per channel,
rr_public_feature_contract_v1,3583c8cd388d75aaa74f43c7741574dd0266f69bffc230e86fd4c0d9ac8ec99c,demand_history,2,demand_lag_15min,causal temporal history; exact 505 states for TCN; the original Ridge uses its separately declared 55-feature endpoint contract,closed AEMO dispatch intervals at or before the forecast origin,training-fold z-score per channel,
rr_public_feature_contract_v1,3583c8cd388d75aaa74f43c7741574dd0266f69bffc230e86fd4c0d9ac8ec99c,demand_history,3,demand_lag_30min,causal temporal history; exact 505 states for TCN; the original Ridge uses its separately declared 55-feature endpoint contract,closed AEMO dispatch intervals at or before the forecast origin,training-fold z-score per channel,
rr_public_feature_contract_v1,3583c8cd388d75aaa74f43c7741574dd0266f69bffc230e86fd4c0d9ac8ec99c,demand_history,4,demand_lag_24h,causal temporal history; exact 505 states for TCN; the original Ridge uses its separately declared 55-feature endpoint contract,closed AEMO dispatch intervals at or before the forecast origin,training-fold z-score per channel,
rr_public_feature_contract_v1,3583c8cd388d75aaa74f43c7741574dd0266f69bffc230e86fd4c0d9ac8ec99c,demand_history,5,demand_lag_7d,causal temporal history; exact 505 states for TCN; the original Ridge uses its separately declared 55-feature endpoint contract,closed AEMO dispatch intervals at or before the forecast origin,training-fold z-score per channel,
rr_public_feature_contract_v1,3583c8cd388d75aaa74f43c7741574dd0266f69bffc230e86fd4c0d9ac8ec99c,demand_history,6,callide_c_status,causal temporal history; exact 505 states for TCN; the original Ridge uses its separately declared 55-feature endpoint contract,closed AEMO dispatch intervals at or before the forecast origin,training-fold z-score per channel,
rr_public_feature_contract_v1,3583c8cd388d75aaa74f43c7741574dd0266f69bffc230e86fd4c0d9ac8ec99c,system_history,0,availablegeneration_mw,causal temporal history; exact 505 states for TCN; the original Ridge uses its separately declared 55-feature endpoint contract,closed AEMO dispatch intervals at or before the forecast origin,training-fold z-score per channel,
rr_public_feature_contract_v1,3583c8cd388d75aaa74f43c7741574dd0266f69bffc230e86fd4c0d9ac8ec99c,system_history,1,availablegeneration_mw_lag_5m,causal temporal history; exact 505 states for TCN; the original Ridge uses its separately declared 55-feature endpoint contract,closed AEMO dispatch intervals at or before the forecast origin,training-fold z-score per channel,
rr_public_feature_contract_v1,3583c8cd388d75aaa74f43c7741574dd0266f69bffc230e86fd4c0d9ac8ec99c,system_history,2,availablegeneration_mw_lag_15m,causal temporal history; exact 505 states for TCN; the original Ridge uses its separately declared 55-feature endpoint contract,closed AEMO dispatch intervals at or before the forecast origin,training-fold z-score per channel,
rr_public_feature_contract_v1,3583c8cd388d75aaa74f43c7741574dd0266f69bffc230e86fd4c0d9ac8ec99c,system_history,3,availablegeneration_mw_lag_30m,causal temporal history; exact 505 states for TCN; the original Ridge uses its separately declared 55-feature endpoint contract,closed AEMO dispatch intervals at or before the forecast origin,training-fold z-score per channel,
rr_public_feature_contract_v1,3583c8cd388d75aaa74f43c7741574dd0266f69bffc230e86fd4c0d9ac8ec99c,system_history,4,netinterchange_mw,causal temporal history; exact 505 states for TCN; the original Ridge uses its separately declared 55-feature endpoint contract,closed AEMO dispatch intervals at or before the forecast origin,training-fold z-score per channel,
rr_public_feature_contract_v1,3583c8cd388d75aaa74f43c7741574dd0266f69bffc230e86fd4c0d9ac8ec99c,system_history,5,netinterchange_mw_lag_5m,causal temporal history; exact 505 states for TCN; the original Ridge uses its separately declared 55-feature endpoint contract,closed AEMO dispatch intervals at or before the forecast origin,training-fold z-score per channel,
rr_public_feature_contract_v1,3583c8cd388d75aaa74f43c7741574dd0266f69bffc230e86fd4c0d9ac8ec99c,system_history,6,netinterchange_mw_lag_15m,causal temporal history; exact 505 states for TCN; the original Ridge uses its separately declared 55-feature endpoint contract,closed AEMO dispatch intervals at or before the forecast origin,training-fold z-score per channel,
rr_public_feature_contract_v1,3583c8cd388d75aaa74f43c7741574dd0266f69bffc230e86fd4c0d9ac8ec99c,system_history,7,netinterchange_mw_lag_30m,causal temporal history; exact 505 states for TCN; the original Ridge uses its separately declared 55-feature endpoint contract,closed AEMO dispatch intervals at or before the forecast origin,training-fold z-score per channel,
rr_public_feature_contract_v1,3583c8cd388d75aaa74f43c7741574dd0266f69bffc230e86fd4c0d9ac8ec99c,system_history,8,uigf_mw,causal temporal history; exact 505 states for TCN; the original Ridge uses its separately declared 55-feature endpoint contract,closed AEMO dispatch intervals at or before the forecast origin,training-fold z-score per channel,
rr_public_feature_contract_v1,3583c8cd388d75aaa74f43c7741574dd0266f69bffc230e86fd4c0d9ac8ec99c,system_history,9,uigf_mw_lag_5m,causal temporal history; exact 505 states for TCN; the original Ridge uses its separately declared 55-feature endpoint contract,closed AEMO dispatch intervals at or before the forecast origin,training-fold z-score per channel,
rr_public_feature_contract_v1,3583c8cd388d75aaa74f43c7741574dd0266f69bffc230e86fd4c0d9ac8ec99c,system_history,10,uigf_mw_lag_15m,causal temporal history; exact 505 states for TCN; the original Ridge uses its separately declared 55-feature endpoint contract,closed AEMO dispatch intervals at or before the forecast origin,training-fold z-score per channel,
rr_public_feature_contract_v1,3583c8cd388d75aaa74f43c7741574dd0266f69bffc230e86fd4c0d9ac8ec99c,system_history,11,uigf_mw_lag_30m,causal temporal history; exact 505 states for TCN; the original Ridge uses its separately declared 55-feature endpoint contract,closed AEMO dispatch intervals at or before the forecast origin,training-fold z-score per channel,
rr_public_feature_contract_v1,3583c8cd388d75aaa74f43c7741574dd0266f69bffc230e86fd4c0d9ac8ec99c,system_history,12,supply_cushion_mw,causal temporal history; exact 505 states for TCN; the original Ridge uses its separately declared 55-feature endpoint contract,closed AEMO dispatch intervals at or before the forecast origin,training-fold z-score per channel,
rr_public_feature_contract_v1,3583c8cd388d75aaa74f43c7741574dd0266f69bffc230e86fd4c0d9ac8ec99c,system_history,13,supply_cushion_mw_lag_5m,causal temporal history; exact 505 states for TCN; the original Ridge uses its separately declared 55-feature endpoint contract,closed AEMO dispatch intervals at or before the forecast origin,training-fold z-score per channel,
rr_public_feature_contract_v1,3583c8cd388d75aaa74f43c7741574dd0266f69bffc230e86fd4c0d9ac8ec99c,system_history,14,supply_cushion_mw_lag_15m,causal temporal history; exact 505 states for TCN; the original Ridge uses its separately declared 55-feature endpoint contract,closed AEMO dispatch intervals at or before the forecast origin,training-fold z-score per channel,
rr_public_feature_contract_v1,3583c8cd388d75aaa74f43c7741574dd0266f69bffc230e86fd4c0d9ac8ec99c,system_history,15,supply_cushion_mw_lag_30m,causal temporal history; exact 505 states for TCN; the original Ridge uses its separately declared 55-feature endpoint contract,closed AEMO dispatch intervals at or before the forecast origin,training-fold z-score per channel,
rr_public_feature_contract_v1,3583c8cd388d75aaa74f43c7741574dd0266f69bffc230e86fd4c0d9ac8ec99c,climate_history,0,soi_lag_1m,causal temporal history,monthly BOM SOI admitted at 19:00 Brisbane time on the first day of the following month under the preserved original contract,training-fold z-score per channel,
rr_public_feature_contract_v1,3583c8cd388d75aaa74f43c7741574dd0266f69bffc230e86fd4c0d9ac8ec99c,climate_history,1,soi_3m_mean_lag_1m,causal temporal history,monthly BOM SOI admitted at 19:00 Brisbane time on the first day of the following month under the preserved original contract,training-fold z-score per channel,
rr_public_feature_contract_v1,3583c8cd388d75aaa74f43c7741574dd0266f69bffc230e86fd4c0d9ac8ec99c,calendar_late_fusion,0,day_of_week,forecast-origin late fusion,deterministic or published calendar information known at forecast origin,one-hot encode day_of_week month season holiday_type on training vocabulary; retain remaining numeric values,
rr_public_feature_contract_v1,3583c8cd388d75aaa74f43c7741574dd0266f69bffc230e86fd4c0d9ac8ec99c,calendar_late_fusion,1,is_weekend,forecast-origin late fusion,deterministic or published calendar information known at forecast origin,one-hot encode day_of_week month season holiday_type on training vocabulary; retain remaining numeric values,
rr_public_feature_contract_v1,3583c8cd388d75aaa74f43c7741574dd0266f69bffc230e86fd4c0d9ac8ec99c,calendar_late_fusion,2,is_public_holiday_qld,forecast-origin late fusion,deterministic or published calendar information known at forecast origin,one-hot encode day_of_week month season holiday_type on training vocabulary; retain remaining numeric values,
rr_public_feature_contract_v1,3583c8cd388d75aaa74f43c7741574dd0266f69bffc230e86fd4c0d9ac8ec99c,calendar_late_fusion,3,is_school_holiday_qld,forecast-origin late fusion,deterministic or published calendar information known at forecast origin,one-hot encode day_of_week month season holiday_type on training vocabulary; retain remaining numeric values,
rr_public_feature_contract_v1,3583c8cd388d75aaa74f43c7741574dd0266f69bffc230e86fd4c0d9ac8ec99c,calendar_late_fusion,4,month,forecast-origin late fusion,deterministic or published calendar information known at forecast origin,one-hot encode day_of_week month season holiday_type on training vocabulary; retain remaining numeric values,
rr_public_feature_contract_v1,3583c8cd388d75aaa74f43c7741574dd0266f69bffc230e86fd4c0d9ac8ec99c,calendar_late_fusion,5,season,forecast-origin late fusion,deterministic or published calendar information known at forecast origin,one-hot encode day_of_week month season holiday_type on training vocabulary; retain remaining numeric values,
rr_public_feature_contract_v1,3583c8cd388d75aaa74f43c7741574dd0266f69bffc230e86fd4c0d9ac8ec99c,calendar_late_fusion,6,is_day_before_public_holiday,forecast-origin late fusion,deterministic or published calendar information known at forecast origin,one-hot encode day_of_week month season holiday_type on training vocabulary; retain remaining numeric values,
rr_public_feature_contract_v1,3583c8cd388d75aaa74f43c7741574dd0266f69bffc230e86fd4c0d9ac8ec99c,calendar_late_fusion,7,is_day_after_public_holiday,forecast-origin late fusion,deterministic or published calendar information known at forecast origin,one-hot encode day_of_week month season holiday_type on training vocabulary; retain remaining numeric values,
rr_public_feature_contract_v1,3583c8cd388d75aaa74f43c7741574dd0266f69bffc230e86fd4c0d9ac8ec99c,calendar_late_fusion,8,holiday_type,forecast-origin late fusion,deterministic or published calendar information known at forecast origin,one-hot encode day_of_week month season holiday_type on training vocabulary; retain remaining numeric values,
rr_public_feature_contract_v1,3583c8cd388d75aaa74f43c7741574dd0266f69bffc230e86fd4c0d9ac8ec99c,calendar_late_fusion,9,time_of_day_sin,forecast-origin late fusion,deterministic or published calendar information known at forecast origin,one-hot encode day_of_week month season holiday_type on training vocabulary; retain remaining numeric values,
rr_public_feature_contract_v1,3583c8cd388d75aaa74f43c7741574dd0266f69bffc230e86fd4c0d9ac8ec99c,calendar_late_fusion,10,time_of_day_cos,forecast-origin late fusion,deterministic or published calendar information known at forecast origin,one-hot encode day_of_week month season holiday_type on training vocabulary; retain remaining numeric values,
rr_public_feature_contract_v1,3583c8cd388d75aaa74f43c7741574dd0266f69bffc230e86fd4c0d9ac8ec99c,calendar_late_fusion,11,day_of_year_sin,forecast-origin late fusion,deterministic or published calendar information known at forecast origin,one-hot encode day_of_week month season holiday_type on training vocabulary; retain remaining numeric values,
rr_public_feature_contract_v1,3583c8cd388d75aaa74f43c7741574dd0266f69bffc230e86fd4c0d9ac8ec99c,calendar_late_fusion,12,day_of_year_cos,forecast-origin late fusion,deterministic or published calendar information known at forecast origin,one-hot encode day_of_week month season holiday_type on training vocabulary; retain remaining numeric values,
rr_public_feature_contract_v1,3583c8cd388d75aaa74f43c7741574dd0266f69bffc230e86fd4c0d9ac8ec99c,calendar_late_fusion,13,is_workday,forecast-origin late fusion,deterministic or published calendar information known at forecast origin,one-hot encode day_of_week month season holiday_type on training vocabulary; retain remaining numeric values,
rr_public_feature_contract_v1,3583c8cd388d75aaa74f43c7741574dd0266f69bffc230e86fd4c0d9ac8ec99c,calendar_late_fusion,14,is_school_day,forecast-origin late fusion,deterministic or published calendar information known at forecast origin,one-hot encode day_of_week month season holiday_type on training vocabulary; retain remaining numeric values,
rr_public_feature_contract_v1,3583c8cd388d75aaa74f43c7741574dd0266f69bffc230e86fd4c0d9ac8ec99c,structural_population,0,total_qld_population,one forecast-origin scalar at late fusion,original annual Queensland estimate changing on 1 April,training-fold z-score,
rr_public_feature_contract_v1,3583c8cd388d75aaa74f43c7741574dd0266f69bffc230e86fd4c0d9ac8ec99c,regional_weather,0,brisbane__dry_bulb_temp,region-major causal temporal history; exact 505 states for TCN; the original Ridge uses its separately declared 55-feature endpoint contract,hourly weather carried forward from its timestamp; rainfall uses 24 completed hours; CER capacity admitted on the first day after source month-end; tts is astronomical,independent training-fold z-score by region and channel,0.0
rr_public_feature_contract_v1,3583c8cd388d75aaa74f43c7741574dd0266f69bffc230e86fd4c0d9ac8ec99c,regional_weather,1,brisbane__dry_bulb_temp_lag_5m,region-major causal temporal history; exact 505 states for TCN; the original Ridge uses its separately declared 55-feature endpoint contract,hourly weather carried forward from its timestamp; rainfall uses 24 completed hours; CER capacity admitted on the first day after source month-end; tts is astronomical,independent training-fold z-score by region and channel,0.0
rr_public_feature_contract_v1,3583c8cd388d75aaa74f43c7741574dd0266f69bffc230e86fd4c0d9ac8ec99c,regional_weather,2,brisbane__dry_bulb_temp_lag_15m,region-major causal temporal history; exact 505 states for TCN; the original Ridge uses its separately declared 55-feature endpoint contract,hourly weather carried forward from its timestamp; rainfall uses 24 completed hours; CER capacity admitted on the first day after source month-end; tts is astronomical,independent training-fold z-score by region and channel,0.0
rr_public_feature_contract_v1,3583c8cd388d75aaa74f43c7741574dd0266f69bffc230e86fd4c0d9ac8ec99c,regional_weather,3,brisbane__dry_bulb_temp_lag_30m,region-major causal temporal history; exact 505 states for TCN; the original Ridge uses its separately declared 55-feature endpoint contract,hourly weather carried forward from its timestamp; rainfall uses 24 completed hours; CER capacity admitted on the first day after source month-end; tts is astronomical,independent training-fold z-score by region and channel,0.0
rr_public_feature_contract_v1,3583c8cd388d75aaa74f43c7741574dd0266f69bffc230e86fd4c0d9ac8ec99c,regional_weather,4,brisbane__dew_point_2m,region-major causal temporal history; exact 505 states for TCN; the original Ridge uses its separately declared 55-feature endpoint contract,hourly weather carried forward from its timestamp; rainfall uses 24 completed hours; CER capacity admitted on the first day after source month-end; tts is astronomical,independent training-fold z-score by region and channel,0.0
rr_public_feature_contract_v1,3583c8cd388d75aaa74f43c7741574dd0266f69bffc230e86fd4c0d9ac8ec99c,regional_weather,5,brisbane__wet_bulb_temperature_2m,region-major causal temporal history; exact 505 states for TCN; the original Ridge uses its separately declared 55-feature endpoint contract,hourly weather carried forward from its timestamp; rainfall uses 24 completed hours; CER capacity admitted on the first day after source month-end; tts is astronomical,independent training-fold z-score by region and channel,0.0
rr_public_feature_contract_v1,3583c8cd388d75aaa74f43c7741574dd0266f69bffc230e86fd4c0d9ac8ec99c,regional_weather,6,brisbane__cloud_cover,region-major causal temporal history; exact 505 states for TCN; the original Ridge uses its separately declared 55-feature endpoint contract,hourly weather carried forward from its timestamp; rainfall uses 24 completed hours; CER capacity admitted on the first day after source month-end; tts is astronomical,independent training-fold z-score by region and channel,0.0
rr_public_feature_contract_v1,3583c8cd388d75aaa74f43c7741574dd0266f69bffc230e86fd4c0d9ac8ec99c,regional_weather,7,brisbane__rainfall_24h_lagged,region-major causal temporal history; exact 505 states for TCN; the original Ridge uses its separately declared 55-feature endpoint contract,hourly weather carried forward from its timestamp; rainfall uses 24 completed hours; CER capacity admitted on the first day after source month-end; tts is astronomical,independent training-fold z-score by region and channel,0.0
rr_public_feature_contract_v1,3583c8cd388d75aaa74f43c7741574dd0266f69bffc230e86fd4c0d9ac8ec99c,regional_weather,8,brisbane__regional_installed_capacity_mw,region-major causal temporal history; exact 505 states for TCN; the original Ridge uses its separately declared 55-feature endpoint contract,hourly weather carried forward from its timestamp; rainfall uses 24 completed hours; CER capacity admitted on the first day after source month-end; tts is astronomical,independent training-fold z-score by region and channel,0.0
rr_public_feature_contract_v1,3583c8cd388d75aaa74f43c7741574dd0266f69bffc230e86fd4c0d9ac8ec99c,regional_weather,9,brisbane__tts,region-major causal temporal history; exact 505 states for TCN; the original Ridge uses its separately declared 55-feature endpoint contract,hourly weather carried forward from its timestamp; rainfall uses 24 completed hours; CER capacity admitted on the first day after source month-end; tts is astronomical,independent training-fold z-score by region and channel,0.0
rr_public_feature_contract_v1,3583c8cd388d75aaa74f43c7741574dd0266f69bffc230e86fd4c0d9ac8ec99c,regional_weather,0,cairns_atherton__dry_bulb_temp,region-major causal temporal history; exact 505 states for TCN; the original Ridge uses its separately declared 55-feature endpoint contract,hourly weather carried forward from its timestamp; rainfall uses 24 completed hours; CER capacity admitted on the first day after source month-end; tts is astronomical,independent training-fold z-score by region and channel,1.0
rr_public_feature_contract_v1,3583c8cd388d75aaa74f43c7741574dd0266f69bffc230e86fd4c0d9ac8ec99c,regional_weather,1,cairns_atherton__dry_bulb_temp_lag_5m,region-major causal temporal history; exact 505 states for TCN; the original Ridge uses its separately declared 55-feature endpoint contract,hourly weather carried forward from its timestamp; rainfall uses 24 completed hours; CER capacity admitted on the first day after source month-end; tts is astronomical,independent training-fold z-score by region and channel,1.0
rr_public_feature_contract_v1,3583c8cd388d75aaa74f43c7741574dd0266f69bffc230e86fd4c0d9ac8ec99c,regional_weather,2,cairns_atherton__dry_bulb_temp_lag_15m,region-major causal temporal history; exact 505 states for TCN; the original Ridge uses its separately declared 55-feature endpoint contract,hourly weather carried forward from its timestamp; rainfall uses 24 completed hours; CER capacity admitted on the first day after source month-end; tts is astronomical,independent training-fold z-score by region and channel,1.0
rr_public_feature_contract_v1,3583c8cd388d75aaa74f43c7741574dd0266f69bffc230e86fd4c0d9ac8ec99c,regional_weather,3,cairns_atherton__dry_bulb_temp_lag_30m,region-major causal temporal history; exact 505 states for TCN; the original Ridge uses its separately declared 55-feature endpoint contract,hourly weather carried forward from its timestamp; rainfall uses 24 completed hours; CER capacity admitted on the first day after source month-end; tts is astronomical,independent training-fold z-score by region and channel,1.0
rr_public_feature_contract_v1,3583c8cd388d75aaa74f43c7741574dd0266f69bffc230e86fd4c0d9ac8ec99c,regional_weather,4,cairns_atherton__dew_point_2m,region-major causal temporal history; exact 505 states for TCN; the original Ridge uses its separately declared 55-feature endpoint contract,hourly weather carried forward from its timestamp; rainfall uses 24 completed hours; CER capacity admitted on the first day after source month-end; tts is astronomical,independent training-fold z-score by region and channel,1.0
rr_public_feature_contract_v1,3583c8cd388d75aaa74f43c7741574dd0266f69bffc230e86fd4c0d9ac8ec99c,regional_weather,5,cairns_atherton__wet_bulb_temperature_2m,region-major causal temporal history; exact 505 states for TCN; the original Ridge uses its separately declared 55-feature endpoint contract,hourly weather carried forward from its timestamp; rainfall uses 24 completed hours; CER capacity admitted on the first day after source month-end; tts is astronomical,independent training-fold z-score by region and channel,1.0
rr_public_feature_contract_v1,3583c8cd388d75aaa74f43c7741574dd0266f69bffc230e86fd4c0d9ac8ec99c,regional_weather,6,cairns_atherton__cloud_cover,region-major causal temporal history; exact 505 states for TCN; the original Ridge uses its separately declared 55-feature endpoint contract,hourly weather carried forward from its timestamp; rainfall uses 24 completed hours; CER capacity admitted on the first day after source month-end; tts is astronomical,independent training-fold z-score by region and channel,1.0
rr_public_feature_contract_v1,3583c8cd388d75aaa74f43c7741574dd0266f69bffc230e86fd4c0d9ac8ec99c,regional_weather,7,cairns_atherton__rainfall_24h_lagged,region-major causal temporal history; exact 505 states for TCN; the original Ridge uses its separately declared 55-feature endpoint contract,hourly weather carried forward from its timestamp; rainfall uses 24 completed hours; CER capacity admitted on the first day after source month-end; tts is astronomical,independent training-fold z-score by region and channel,1.0
rr_public_feature_contract_v1,3583c8cd388d75aaa74f43c7741574dd0266f69bffc230e86fd4c0d9ac8ec99c,regional_weather,8,cairns_atherton__regional_installed_capacity_mw,region-major causal temporal history; exact 505 states for TCN; the original Ridge uses its separately declared 55-feature endpoint contract,hourly weather carried forward from its timestamp; rainfall uses 24 completed hours; CER capacity admitted on the first day after source month-end; tts is astronomical,independent training-fold z-score by region and channel,1.0
rr_public_feature_contract_v1,3583c8cd388d75aaa74f43c7741574dd0266f69bffc230e86fd4c0d9ac8ec99c,regional_weather,9,cairns_atherton__tts,region-major causal temporal history; exact 505 states for TCN; the original Ridge uses its separately declared 55-feature endpoint contract,hourly weather carried forward from its timestamp; rainfall uses 24 completed hours; CER capacity admitted on the first day after source month-end; tts is astronomical,independent training-fold z-score by region and channel,1.0
rr_public_feature_contract_v1,3583c8cd388d75aaa74f43c7741574dd0266f69bffc230e86fd4c0d9ac8ec99c,regional_weather,0,dalby_chinchilla__dry_bulb_temp,region-major causal temporal history; exact 505 states for TCN; the original Ridge uses its separately declared 55-feature endpoint contract,hourly weather carried forward from its timestamp; rainfall uses 24 completed hours; CER capacity admitted on the first day after source month-end; tts is astronomical,independent training-fold z-score by region and channel,2.0
rr_public_feature_contract_v1,3583c8cd388d75aaa74f43c7741574dd0266f69bffc230e86fd4c0d9ac8ec99c,regional_weather,1,dalby_chinchilla__dry_bulb_temp_lag_5m,region-major causal temporal history; exact 505 states for TCN; the original Ridge uses its separately declared 55-feature endpoint contract,hourly weather carried forward from its timestamp; rainfall uses 24 completed hours; CER capacity admitted on the first day after source month-end; tts is astronomical,independent training-fold z-score by region and channel,2.0
rr_public_feature_contract_v1,3583c8cd388d75aaa74f43c7741574dd0266f69bffc230e86fd4c0d9ac8ec99c,regional_weather,2,dalby_chinchilla__dry_bulb_temp_lag_15m,region-major causal temporal history; exact 505 states for TCN; the original Ridge uses its separately declared 55-feature endpoint contract,hourly weather carried forward from its timestamp; rainfall uses 24 completed hours; CER capacity admitted on the first day after source month-end; tts is astronomical,independent training-fold z-score by region and channel,2.0
rr_public_feature_contract_v1,3583c8cd388d75aaa74f43c7741574dd0266f69bffc230e86fd4c0d9ac8ec99c,regional_weather,3,dalby_chinchilla__dry_bulb_temp_lag_30m,region-major causal temporal history; exact 505 states for TCN; the original Ridge uses its separately declared 55-feature endpoint contract,hourly weather carried forward from its timestamp; rainfall uses 24 completed hours; CER capacity admitted on the first day after source month-end; tts is astronomical,independent training-fold z-score by region and channel,2.0
rr_public_feature_contract_v1,3583c8cd388d75aaa74f43c7741574dd0266f69bffc230e86fd4c0d9ac8ec99c,regional_weather,4,dalby_chinchilla__dew_point_2m,region-major causal temporal history; exact 505 states for TCN; the original Ridge uses its separately declared 55-feature endpoint contract,hourly weather carried forward from its timestamp; rainfall uses 24 completed hours; CER capacity admitted on the first day after source month-end; tts is astronomical,independent training-fold z-score by region and channel,2.0
rr_public_feature_contract_v1,3583c8cd388d75aaa74f43c7741574dd0266f69bffc230e86fd4c0d9ac8ec99c,regional_weather,5,dalby_chinchilla__wet_bulb_temperature_2m,region-major causal temporal history; exact 505 states for TCN; the original Ridge uses its separately declared 55-feature endpoint contract,hourly weather carried forward from its timestamp; rainfall uses 24 completed hours; CER capacity admitted on the first day after source month-end; tts is astronomical,independent training-fold z-score by region and channel,2.0
rr_public_feature_contract_v1,3583c8cd388d75aaa74f43c7741574dd0266f69bffc230e86fd4c0d9ac8ec99c,regional_weather,6,dalby_chinchilla__cloud_cover,region-major causal temporal history; exact 505 states for TCN; the original Ridge uses its separately declared 55-feature endpoint contract,hourly weather carried forward from its timestamp; rainfall uses 24 completed hours; CER capacity admitted on the first day after source month-end; tts is astronomical,independent training-fold z-score by region and channel,2.0
rr_public_feature_contract_v1,3583c8cd388d75aaa74f43c7741574dd0266f69bffc230e86fd4c0d9ac8ec99c,regional_weather,7,dalby_chinchilla__rainfall_24h_lagged,region-major causal temporal history; exact 505 states for TCN; the original Ridge uses its separately declared 55-feature endpoint contract,hourly weather carried forward from its timestamp; rainfall uses 24 completed hours; CER capacity admitted on the first day after source month-end; tts is astronomical,independent training-fold z-score by region and channel,2.0
rr_public_feature_contract_v1,3583c8cd388d75aaa74f43c7741574dd0266f69bffc230e86fd4c0d9ac8ec99c,regional_weather,8,dalby_chinchilla__regional_installed_capacity_mw,region-major causal temporal history; exact 505 states for TCN; the original Ridge uses its separately declared 55-feature endpoint contract,hourly weather carried forward from its timestamp; rainfall uses 24 completed hours; CER capacity admitted on the first day after source month-end; tts is astronomical,independent training-fold z-score by region and channel,2.0
rr_public_feature_contract_v1,3583c8cd388d75aaa74f43c7741574dd0266f69bffc230e86fd4c0d9ac8ec99c,regional_weather,9,dalby_chinchilla__tts,region-major causal temporal history; exact 505 states for TCN; the original Ridge uses its separately declared 55-feature endpoint contract,hourly weather carried forward from its timestamp; rainfall uses 24 completed hours; CER capacity admitted on the first day after source month-end; tts is astronomical,independent training-fold z-score by region and channel,2.0
rr_public_feature_contract_v1,3583c8cd388d75aaa74f43c7741574dd0266f69bffc230e86fd4c0d9ac8ec99c,regional_weather,0,emerald_gladstone__dry_bulb_temp,region-major causal temporal history; exact 505 states for TCN; the original Ridge uses its separately declared 55-feature endpoint contract,hourly weather carried forward from its timestamp; rainfall uses 24 completed hours; CER capacity admitted on the first day after source month-end; tts is astronomical,independent training-fold z-score by region and channel,3.0
rr_public_feature_contract_v1,3583c8cd388d75aaa74f43c7741574dd0266f69bffc230e86fd4c0d9ac8ec99c,regional_weather,1,emerald_gladstone__dry_bulb_temp_lag_5m,region-major causal temporal history; exact 505 states for TCN; the original Ridge uses its separately declared 55-feature endpoint contract,hourly weather carried forward from its timestamp; rainfall uses 24 completed hours; CER capacity admitted on the first day after source month-end; tts is astronomical,independent training-fold z-score by region and channel,3.0
rr_public_feature_contract_v1,3583c8cd388d75aaa74f43c7741574dd0266f69bffc230e86fd4c0d9ac8ec99c,regional_weather,2,emerald_gladstone__dry_bulb_temp_lag_15m,region-major causal temporal history; exact 505 states for TCN; the original Ridge uses its separately declared 55-feature endpoint contract,hourly weather carried forward from its timestamp; rainfall uses 24 completed hours; CER capacity admitted on the first day after source month-end; tts is astronomical,independent training-fold z-score by region and channel,3.0
rr_public_feature_contract_v1,3583c8cd388d75aaa74f43c7741574dd0266f69bffc230e86fd4c0d9ac8ec99c,regional_weather,3,emerald_gladstone__dry_bulb_temp_lag_30m,region-major causal temporal history; exact 505 states for TCN; the original Ridge uses its separately declared 55-feature endpoint contract,hourly weather carried forward from its timestamp; rainfall uses 24 completed hours; CER capacity admitted on the first day after source month-end; tts is astronomical,independent training-fold z-score by region and channel,3.0
rr_public_feature_contract_v1,3583c8cd388d75aaa74f43c7741574dd0266f69bffc230e86fd4c0d9ac8ec99c,regional_weather,4,emerald_gladstone__dew_point_2m,region-major causal temporal history; exact 505 states for TCN; the original Ridge uses its separately declared 55-feature endpoint contract,hourly weather carried forward from its timestamp; rainfall uses 24 completed hours; CER capacity admitted on the first day after source month-end; tts is astronomical,independent training-fold z-score by region and channel,3.0
rr_public_feature_contract_v1,3583c8cd388d75aaa74f43c7741574dd0266f69bffc230e86fd4c0d9ac8ec99c,regional_weather,5,emerald_gladstone__wet_bulb_temperature_2m,region-major causal temporal history; exact 505 states for TCN; the original Ridge uses its separately declared 55-feature endpoint contract,hourly weather carried forward from its timestamp; rainfall uses 24 completed hours; CER capacity admitted on the first day after source month-end; tts is astronomical,independent training-fold z-score by region and channel,3.0
rr_public_feature_contract_v1,3583c8cd388d75aaa74f43c7741574dd0266f69bffc230e86fd4c0d9ac8ec99c,regional_weather,6,emerald_gladstone__cloud_cover,region-major causal temporal history; exact 505 states for TCN; the original Ridge uses its separately declared 55-feature endpoint contract,hourly weather carried forward from its timestamp; rainfall uses 24 completed hours; CER capacity admitted on the first day after source month-end; tts is astronomical,independent training-fold z-score by region and channel,3.0
rr_public_feature_contract_v1,3583c8cd388d75aaa74f43c7741574dd0266f69bffc230e86fd4c0d9ac8ec99c,regional_weather,7,emerald_gladstone__rainfall_24h_lagged,region-major causal temporal history; exact 505 states for TCN; the original Ridge uses its separately declared 55-feature endpoint contract,hourly weather carried forward from its timestamp; rainfall uses 24 completed hours; CER capacity admitted on the first day after source month-end; tts is astronomical,independent training-fold z-score by region and channel,3.0
rr_public_feature_contract_v1,3583c8cd388d75aaa74f43c7741574dd0266f69bffc230e86fd4c0d9ac8ec99c,regional_weather,8,emerald_gladstone__regional_installed_capacity_mw,region-major causal temporal history; exact 505 states for TCN; the original Ridge uses its separately declared 55-feature endpoint contract,hourly weather carried forward from its timestamp; rainfall uses 24 completed hours; CER capacity admitted on the first day after source month-end; tts is astronomical,independent training-fold z-score by region and channel,3.0
rr_public_feature_contract_v1,3583c8cd388d75aaa74f43c7741574dd0266f69bffc230e86fd4c0d9ac8ec99c,regional_weather,9,emerald_gladstone__tts,region-major causal temporal history; exact 505 states for TCN; the original Ridge uses its separately declared 55-feature endpoint contract,hourly weather carried forward from its timestamp; rainfall uses 24 completed hours; CER capacity admitted on the first day after source month-end; tts is astronomical,independent training-fold z-score by region and channel,3.0
rr_public_feature_contract_v1,3583c8cd388d75aaa74f43c7741574dd0266f69bffc230e86fd4c0d9ac8ec99c,regional_weather,0,townsville_burdekin__dry_bulb_temp,region-major causal temporal history; exact 505 states for TCN; the original Ridge uses its separately declared 55-feature endpoint contract,hourly weather carried forward from its timestamp; rainfall uses 24 completed hours; CER capacity admitted on the first day after source month-end; tts is astronomical,independent training-fold z-score by region and channel,4.0
rr_public_feature_contract_v1,3583c8cd388d75aaa74f43c7741574dd0266f69bffc230e86fd4c0d9ac8ec99c,regional_weather,1,townsville_burdekin__dry_bulb_temp_lag_5m,region-major causal temporal history; exact 505 states for TCN; the original Ridge uses its separately declared 55-feature endpoint contract,hourly weather carried forward from its timestamp; rainfall uses 24 completed hours; CER capacity admitted on the first day after source month-end; tts is astronomical,independent training-fold z-score by region and channel,4.0
rr_public_feature_contract_v1,3583c8cd388d75aaa74f43c7741574dd0266f69bffc230e86fd4c0d9ac8ec99c,regional_weather,2,townsville_burdekin__dry_bulb_temp_lag_15m,region-major causal temporal history; exact 505 states for TCN; the original Ridge uses its separately declared 55-feature endpoint contract,hourly weather carried forward from its timestamp; rainfall uses 24 completed hours; CER capacity admitted on the first day after source month-end; tts is astronomical,independent training-fold z-score by region and channel,4.0
rr_public_feature_contract_v1,3583c8cd388d75aaa74f43c7741574dd0266f69bffc230e86fd4c0d9ac8ec99c,regional_weather,3,townsville_burdekin__dry_bulb_temp_lag_30m,region-major causal temporal history; exact 505 states for TCN; the original Ridge uses its separately declared 55-feature endpoint contract,hourly weather carried forward from its timestamp; rainfall uses 24 completed hours; CER capacity admitted on the first day after source month-end; tts is astronomical,independent training-fold z-score by region and channel,4.0
rr_public_feature_contract_v1,3583c8cd388d75aaa74f43c7741574dd0266f69bffc230e86fd4c0d9ac8ec99c,regional_weather,4,townsville_burdekin__dew_point_2m,region-major causal temporal history; exact 505 states for TCN; the original Ridge uses its separately declared 55-feature endpoint contract,hourly weather carried forward from its timestamp; rainfall uses 24 completed hours; CER capacity admitted on the first day after source month-end; tts is astronomical,independent training-fold z-score by region and channel,4.0
rr_public_feature_contract_v1,3583c8cd388d75aaa74f43c7741574dd0266f69bffc230e86fd4c0d9ac8ec99c,regional_weather,5,townsville_burdekin__wet_bulb_temperature_2m,region-major causal temporal history; exact 505 states for TCN; the original Ridge uses its separately declared 55-feature endpoint contract,hourly weather carried forward from its timestamp; rainfall uses 24 completed hours; CER capacity admitted on the first day after source month-end; tts is astronomical,independent training-fold z-score by region and channel,4.0
rr_public_feature_contract_v1,3583c8cd388d75aaa74f43c7741574dd0266f69bffc230e86fd4c0d9ac8ec99c,regional_weather,6,townsville_burdekin__cloud_cover,region-major causal temporal history; exact 505 states for TCN; the original Ridge uses its separately declared 55-feature endpoint contract,hourly weather carried forward from its timestamp; rainfall uses 24 completed hours; CER capacity admitted on the first day after source month-end; tts is astronomical,independent training-fold z-score by region and channel,4.0
rr_public_feature_contract_v1,3583c8cd388d75aaa74f43c7741574dd0266f69bffc230e86fd4c0d9ac8ec99c,regional_weather,7,townsville_burdekin__rainfall_24h_lagged,region-major causal temporal history; exact 505 states for TCN; the original Ridge uses its separately declared 55-feature endpoint contract,hourly weather carried forward from its timestamp; rainfall uses 24 completed hours; CER capacity admitted on the first day after source month-end; tts is astronomical,independent training-fold z-score by region and channel,4.0
rr_public_feature_contract_v1,3583c8cd388d75aaa74f43c7741574dd0266f69bffc230e86fd4c0d9ac8ec99c,regional_weather,8,townsville_burdekin__regional_installed_capacity_mw,region-major causal temporal history; exact 505 states for TCN; the original Ridge uses its separately declared 55-feature endpoint contract,hourly weather carried forward from its timestamp; rainfall uses 24 completed hours; CER capacity admitted on the first day after source month-end; tts is astronomical,independent training-fold z-score by region and channel,4.0
rr_public_feature_contract_v1,3583c8cd388d75aaa74f43c7741574dd0266f69bffc230e86fd4c0d9ac8ec99c,regional_weather,9,townsville_burdekin__tts,region-major causal temporal history; exact 505 states for TCN; the original Ridge uses its separately declared 55-feature endpoint contract,hourly weather carried forward from its timestamp; rainfall uses 24 completed hours; CER capacity admitted on the first day after source month-end; tts is astronomical,independent training-fold z-score by region and channel,4.0
