source_id,relative_path,retrieved_at_utc,byte_size,sha256,coverage_start,coverage_end,acquisition_mode,request_fingerprint,notes
abs_asgs_boundaries,data/external/abs/asgs/POA_2016_AUST_SHP.zip,2026-10-06T02:55:32.011339+00:00,55822970,306999e3620354e6c548debe205723cf90b7bb2fb0534a904018c5908ac2b24b,2016-01-01,2016-12-31,pinned_download,3e2f157f3956786dcda786065dc2a43f8919960b3595832581513b920625411a,Frozen source release: 2016-09-13
abs_asgs_boundaries,data/external/abs/asgs/SA2_2016_AUST_SHP.zip,2026-10-06T02:55:31.952504+00:00,49823762,2e3ec3136b3a051ecf2ebd1acaf8feb51079299cc8723be242dacd3de0ea2e5a,2016-01-01,2016-12-31,pinned_download,3e2f157f3956786dcda786065dc2a43f8919960b3595832581513b920625411a,Frozen source release: 2016-09-13
aemo_dispatchregionsum,data/raw/aemo/qld_dispatchregionsum_2015_2020.parquet,2026-10-06T02:55:31.882089+00:00,25731114,22967587b2a74dac131629ee56c354a51d34e37415d55ef779ff04ba1126be41,2015-01-01 00:05:00,2020-12-31 23:55:00,missing,982effd976daa760e072a4843c0f4064ffebb04cd486259443cc78ade189fac1,
aemo_p5min_regionsolution,data/interim/aemo_p5min_forecasts_2015_2020.parquet,2026-10-06T04:50:34.329706+00:00,79028102,5ed4e19bb612f7c1dda89a0f5a245f0a04dc0daccef9fc03f58ed236f55bc773,2015-01-01 00:05:00,2020-12-31 23:50:00,missing,66604f92b15aa718ff7fb917d7d0c22bfbe039d330c52a7403cd619db12c7906,Processed six-horizon QLD1 origin-vintage benchmark artifact
aemo_p5min_regionsolution,data/raw/aemo/qld_p5min_regionsolution_2015_2020.parquet,2026-10-06T04:50:34.277175+00:00,79028102,5ed4e19bb612f7c1dda89a0f5a245f0a04dc0daccef9fc03f58ed236f55bc773,2015-01-01 00:05:00,2020-12-31 23:50:00,missing,66604f92b15aa718ff7fb917d7d0c22bfbe039d330c52a7403cd619db12c7906,
bom_soi_monthly,data/raw/bom/soi_monthly_through_2020.csv,2026-10-07T00:00:00+00:00,29241,252750808b093b31c09e88087fc3e8afce56928795999e796775fc87d5e82a1f,1876-01-01 00:00:00,2020-11-01 00:00:00,automatic_api,fbf15929e4ddc91cfc38f8acc24e89178a9abe9c0607aa0bf1a7c1b579f0cfbf,Bounded official BOM series through the final required 2020 source month
cer_sres_postcode_capacity,data/external/cer/cer_sres_2015_all_data.xlsx,2026-10-06T02:55:32.044195+00:00,1460586,9a59143d7169ffc73047c24fe695a06816042c742cf45eb6061521bfecb90de9,2001-01-01,2020-10-31,pinned_download,ea9a5c34df6bbfc15a1b47bebb42063d077f72b028db30f494e79462e2ae5c22,Frozen source release: 2020-10-31
cer_sres_postcode_capacity,data/external/cer/cer_sres_2016_all_data.xlsx,2026-10-06T02:55:32.047193+00:00,1472342,9a8bb40ea3ad48e33a5c392df0e707f57b369085ff89b2132a4564dd61ce8533,2001-01-01,2020-10-31,pinned_download,ea9a5c34df6bbfc15a1b47bebb42063d077f72b028db30f494e79462e2ae5c22,Frozen source release: 2020-10-31
cer_sres_postcode_capacity,data/external/cer/cer_sres_2017_all_data.xlsx,2026-10-06T02:55:32.049519+00:00,1505815,bd61880f95d8bf2183e7fecf749ca708abfb01d1dddbdb3ae08bdd171173d794,2001-01-01,2020-10-31,pinned_download,ea9a5c34df6bbfc15a1b47bebb42063d077f72b028db30f494e79462e2ae5c22,Frozen source release: 2020-10-31
cer_sres_postcode_capacity,data/external/cer/cer_sres_2018_all_data.xlsx,2026-10-06T02:55:32.052521+00:00,1480757,c2ae9837f73caf77ddc443e79ede4cb8ce5ab2c50aeeaaedc2c2054d4333e58f,2001-01-01,2020-10-31,pinned_download,ea9a5c34df6bbfc15a1b47bebb42063d077f72b028db30f494e79462e2ae5c22,Frozen source release: 2020-10-31
cer_sres_postcode_capacity,data/external/cer/cer_sres_all_data_as_at_2020-10-31.xlsx,2026-10-06T02:55:32.055401+00:00,1334103,b134ba157f9b78fd6291281fd889c98c143e545693fed020fd99d86369b6aaeb,2001-01-01,2020-10-31,pinned_download,ea9a5c34df6bbfc15a1b47bebb42063d077f72b028db30f494e79462e2ae5c22,Frozen source release: 2020-10-31
open_meteo_hourly,data/raw/open_meteo/qld_five_node_hourly_2015_2020.parquet,2026-10-06T02:55:31.918988+00:00,5074740,8a975a34e650f8d4a2d179099097c944db18fef05cdf0cf8044de4ea356ef850,2015-01-01 00:00:00,2020-12-31 23:00:00,missing,293575e19b778f6c1f5b8f7f1db916bcb99fd473f8cc952091082da3915a5952,
qld_public_holidays,data/external/qld_calendar/public_holidays/holidays_act_1983_inforce_2015-10-28.html,2026-10-06T02:57:14.678559+00:00,48214,a2c92eb3233a075ce169465006d59931ca2ea5688a54bb2321854fba08537b12,2015-01-01,2020-12-31,pinned_manual,c6d7593394f65038a5de1a73d1a4783683d84ca45d87971e0bcde74fe89701c1,Exact frozen Queensland records through 2020; Exact retrieval time not supplied; retrieved_at_utc records manual registration time.
qld_public_holidays,data/external/qld_calendar/public_holidays/qld_public_holidays_2016.html,2026-10-06T02:57:14.678559+00:00,183315,f60ac6cc60de92a5b4d4410f5b94c448ef23411c517999fa9f4817cbd9d4e21a,2015-01-01,2020-12-31,pinned_manual,c6d7593394f65038a5de1a73d1a4783683d84ca45d87971e0bcde74fe89701c1,Exact frozen Queensland records through 2020; Exact retrieval time not supplied; retrieved_at_utc records manual registration time.
qld_public_holidays,data/external/qld_calendar/public_holidays/qld_public_holidays_2017.html,2026-10-06T02:57:14.678559+00:00,183730,328a2b28e131f000916052611b8055433be8984204d5acb59ec41431297ff2c3,2015-01-01,2020-12-31,pinned_manual,c6d7593394f65038a5de1a73d1a4783683d84ca45d87971e0bcde74fe89701c1,Exact frozen Queensland records through 2020; Exact retrieval time not supplied; retrieved_at_utc records manual registration time.
qld_public_holidays,data/external/qld_calendar/public_holidays/qld_public_holidays_2018.html,2026-10-06T02:57:14.678559+00:00,182837,91da473601882615eefda269d502841d07bfb83e52c5204a4950a9d37d159da2,2015-01-01,2020-12-31,pinned_manual,c6d7593394f65038a5de1a73d1a4783683d84ca45d87971e0bcde74fe89701c1,Exact frozen Queensland records through 2020; Exact retrieval time not supplied; retrieved_at_utc records manual registration time.
qld_public_holidays,data/external/qld_calendar/public_holidays/qld_public_holidays_2019.html,2026-10-06T02:57:14.678559+00:00,183856,5ee74c97b689a379c4ec4ac69bda52bf8b03f4da3e9b03c347463b2c79063963,2015-01-01,2020-12-31,pinned_manual,c6d7593394f65038a5de1a73d1a4783683d84ca45d87971e0bcde74fe89701c1,Exact frozen Queensland records through 2020; Exact retrieval time not supplied; retrieved_at_utc records manual registration time.
qld_public_holidays,data/external/qld_calendar/public_holidays/qld_public_holidays_2020.html,2026-10-06T02:57:14.678559+00:00,184766,1647d42605ccbe3978dd5bfd1b68e0c022adcea65b4b048adaad40d92b6774ba,2015-01-01,2020-12-31,pinned_manual,c6d7593394f65038a5de1a73d1a4783683d84ca45d87971e0bcde74fe89701c1,Exact frozen Queensland records through 2020; Exact retrieval time not supplied; retrieved_at_utc records manual registration time.
qld_school_calendar,data/external/qld_calendar/school_terms/qld_government_gazette_school_holidays_2016_2020.pdf,2026-10-06T02:57:15.322616+00:00,2813134,8387f8ed64a1ee564205316089bf59547b79c9184885bbb17d57aa7ed4062fa6,2015-01-01,2020-12-31,pinned_manual,08e102ce4ddd32e7f487e709e09704f9029cdb1ad6f845f3a170a96882fb2400,Exact frozen Queensland school records through 2020; Exact retrieval time not supplied; retrieved_at_utc records manual registration time.
qld_school_calendar,data/external/qld_calendar/school_terms/qld_school_calendar_rti_2015_2020.pdf,2026-10-06T02:57:15.322616+00:00,17479515,f8ec3266561f13ff3c40870e9568176757a2dee7c27e680848c388357aed192f,2015-01-01,2020-12-31,pinned_manual,08e102ce4ddd32e7f487e709e09704f9029cdb1ad6f845f3a170a96882fb2400,Exact frozen Queensland school records through 2020; Exact retrieval time not supplied; retrieved_at_utc records manual registration time.
qgso_qld_annual_population,data/external/qgso/qld_annual_population_2013_2020.csv,,954,62bd63fd60dd006bdb0cbae2c20cf04323c6f28b89b9f0047b7992fe942c20e5,2013-06-30,2020-06-30,pinned_manual,,Original TCN_starNLL annual statewide population series
