model_family,variant,seed,training_start,training_end_exclusive,evaluation_start,evaluation_end_exclusive,fixed_epochs,stopping_rule,checkpoint_rule,experiment_identity,ensemble_identity,member_status
TCN1,original_public_lineage,42,2015-01-01,2020-01-01,2020-01-01,2021-01-01,7,exact median development best epoch; no 2020 early stopping,final fixed epoch selected before 2020 scoring,TCN1:original_public_lineage:final_fixed_duration,TCN1_ensemble_2020_seeds_42_142_242,complete
TCN1,original_public_lineage,142,2015-01-01,2020-01-01,2020-01-01,2021-01-01,7,exact median development best epoch; no 2020 early stopping,final fixed epoch selected before 2020 scoring,TCN1:original_public_lineage:final_fixed_duration,TCN1_ensemble_2020_seeds_42_142_242,complete
TCN1,original_public_lineage,242,2015-01-01,2020-01-01,2020-01-01,2021-01-01,7,exact median development best epoch; no 2020 early stopping,final fixed epoch selected before 2020 scoring,TCN1:original_public_lineage:final_fixed_duration,TCN1_ensemble_2020_seeds_42_142_242,complete
TCN2,original_public_lineage,42,2015-01-01,2020-01-01,2020-01-01,2021-01-01,3,exact median development best epoch; no 2020 early stopping,final fixed epoch selected before 2020 scoring,TCN2:original_public_lineage:final_fixed_duration,TCN2_ensemble_2020_seeds_42_142_242,complete
TCN2,original_public_lineage,142,2015-01-01,2020-01-01,2020-01-01,2021-01-01,3,exact median development best epoch; no 2020 early stopping,final fixed epoch selected before 2020 scoring,TCN2:original_public_lineage:final_fixed_duration,TCN2_ensemble_2020_seeds_42_142_242,complete
TCN2,original_public_lineage,242,2015-01-01,2020-01-01,2020-01-01,2021-01-01,3,exact median development best epoch; no 2020 early stopping,final fixed epoch selected before 2020 scoring,TCN2:original_public_lineage:final_fixed_duration,TCN2_ensemble_2020_seeds_42_142_242,complete
TCN3,original_public_lineage,42,2015-01-01,2020-01-01,2020-01-01,2021-01-01,5,exact median development best epoch; no 2020 early stopping,final fixed epoch selected before 2020 scoring,TCN3:original_public_lineage:final_fixed_duration,TCN3_ensemble_2020_seeds_42_142_242,complete
TCN3,original_public_lineage,142,2015-01-01,2020-01-01,2020-01-01,2021-01-01,5,exact median development best epoch; no 2020 early stopping,final fixed epoch selected before 2020 scoring,TCN3:original_public_lineage:final_fixed_duration,TCN3_ensemble_2020_seeds_42_142_242,complete
TCN3,original_public_lineage,242,2015-01-01,2020-01-01,2020-01-01,2021-01-01,5,exact median development best epoch; no 2020 early stopping,final fixed epoch selected before 2020 scoring,TCN3:original_public_lineage:final_fixed_duration,TCN3_ensemble_2020_seeds_42_142_242,complete
TCN_star,original_public_lineage,42,2015-01-01,2020-01-01,2020-01-01,2021-01-01,10,exact median development best epoch; no 2020 early stopping,final fixed epoch selected before 2020 scoring,TCN_star:original_public_lineage:final_fixed_duration,TCN_star_ensemble_2020_seeds_42_142_242,complete
TCN_star,original_public_lineage,142,2015-01-01,2020-01-01,2020-01-01,2021-01-01,10,exact median development best epoch; no 2020 early stopping,final fixed epoch selected before 2020 scoring,TCN_star:original_public_lineage:final_fixed_duration,TCN_star_ensemble_2020_seeds_42_142_242,complete
TCN_star,original_public_lineage,242,2015-01-01,2020-01-01,2020-01-01,2021-01-01,10,exact median development best epoch; no 2020 early stopping,final fixed epoch selected before 2020 scoring,TCN_star:original_public_lineage:final_fixed_duration,TCN_star_ensemble_2020_seeds_42_142_242,complete
TCN_starNLL,original_public_lineage,42,2015-01-01,2020-01-01,2020-01-01,2021-01-01,7,exact median development best epoch; no 2020 early stopping,final fixed epoch selected before 2020 scoring,TCN_starNLL:original_public_lineage:final_fixed_duration,TCN_starNLL_ensemble_2020_seeds_42_142_242,complete
TCN_starNLL,original_public_lineage,142,2015-01-01,2020-01-01,2020-01-01,2021-01-01,7,exact median development best epoch; no 2020 early stopping,final fixed epoch selected before 2020 scoring,TCN_starNLL:original_public_lineage:final_fixed_duration,TCN_starNLL_ensemble_2020_seeds_42_142_242,complete
TCN_starNLL,original_public_lineage,242,2015-01-01,2020-01-01,2020-01-01,2021-01-01,7,exact median development best epoch; no 2020 early stopping,final fixed epoch selected before 2020 scoring,TCN_starNLL:original_public_lineage:final_fixed_duration,TCN_starNLL_ensemble_2020_seeds_42_142_242,complete
